[
  {
    "name": "Josh Allen",
    "team": "BUF",
    "position": "QB",
    "one_qb": 7868,
    "superflex": 9999
  },
  {
    "name": "Jayden Daniels",
    "team": "WAS",
    "position": "QB",
    "one_qb": 7605,
    "superflex": 9992
  },
  {
    "name": "Ja'Marr Chase",
    "team": "CIN",
    "position": "WR",
    "one_qb": 9996,
    "superflex": 9982
  },
  {
    "name": "Lamar Jackson",
    "team": "BAL",
    "position": "QB",
    "one_qb": 7348,
    "superflex": 9529
  },
  {
    "name": "Justin Jefferson",
    "team": "MIN",
    "position": "WR",
    "one_qb": 9999,
    "superflex": 9425
  },
  {
    "name": "Malik Nabers",
    "team": "NYG",
    "position": "WR",
    "one_qb": 9461,
    "superflex": 8613
  },
  {
    "name": "Joe Burrow",
    "team": "CIN",
    "position": "QB",
    "one_qb": 6496,
    "superflex": 8317
  },
  {
    "name": "Bijan Robinson",
    "team": "ATL",
    "position": "RB",
    "one_qb": 9277,
    "superflex": 8160
  },
  {
    "name": "Brock Bowers",
    "team": "LVR",
    "position": "TE",
    "one_qb": 8803,
    "superflex": 8150
  },
  {
    "name": "Travis Hunter",
    "team": "JAC",
    "position": "WR/DB",
    "one_qb": 8130,
    "superflex": 8130
  },
  {
    "name": "Jahmyr Gibbs",
    "team": "DET",
    "position": "RB",
    "one_qb": 9074,
    "superflex": 8127
  },
  {
    "name": "Jalen Hurts",
    "team": "PHI",
    "position": "QB",
    "one_qb": 6420,
    "superflex": 8043
  },
  {
    "name": "CeeDee Lamb",
    "team": "DAL",
    "position": "WR",
    "one_qb": 8539,
    "superflex": 7968
  },
  {
    "name": "Ashton Jeanty",
    "team": "LVR",
    "position": "RB",
    "one_qb": 8579,
    "superflex": 7812
  },
  {
    "name": "Brian Thomas Jr.",
    "team": "JAC",
    "position": "WR",
    "one_qb": 8231,
    "superflex": 7645
  },
  {
    "name": "Amon-Ra St. Brown",
    "team": "DET",
    "position": "WR",
    "one_qb": 8083,
    "superflex": 7515
  },
  {
    "name": "Puka Nacua",
    "team": "LAR",
    "position": "WR",
    "one_qb": 8006,
    "superflex": 7384
  },
  {
    "name": "Patrick Mahomes",
    "team": "KCC",
    "position": "QB",
    "one_qb": 5638,
    "superflex": 7181
  },
  {
    "name": "Drake Maye",
    "team": "NEP",
    "position": "QB",
    "one_qb": 5486,
    "superflex": 6792
  },
  {
    "name": "C.J. Stroud",
    "team": "HOU",
    "position": "QB",
    "one_qb": 5491,
    "superflex": 6767
  },
  {
    "name": "Caleb Williams",
    "team": "CHI",
    "position": "QB",
    "one_qb": 5451,
    "superflex": 6739
  },
  {
    "name": "Justin Herbert",
    "team": "LAC",
    "position": "QB",
    "one_qb": 5434,
    "superflex": 6713
  },
  {
    "name": "Nico Collins",
    "team": "HOU",
    "position": "WR",
    "one_qb": 7381,
    "superflex": 6533
  },
  {
    "name": "Saquon Barkley",
    "team": "PHI",
    "position": "RB",
    "one_qb": 7269,
    "superflex": 6531
  },
  {
    "name": "Bo Nix",
    "team": "DEN",
    "position": "QB",
    "one_qb": 5377,
    "superflex": 6502
  },
  {
    "name": "Trey McBride",
    "team": "ARI",
    "position": "TE",
    "one_qb": 7286,
    "superflex": 6472
  },
  {
    "name": "Marvin Harrison Jr.",
    "team": "ARI",
    "position": "WR",
    "one_qb": 7223,
    "superflex": 6454
  },
  {
    "name": "Ladd McConkey",
    "team": "LAC",
    "position": "WR",
    "one_qb": 7053,
    "superflex": 6453
  },
  {
    "name": "Drake London",
    "team": "ATL",
    "position": "WR",
    "one_qb": 7194,
    "superflex": 6450
  },
  {
    "name": "Jaxon Smith-Njigba",
    "team": "SEA",
    "position": "WR",
    "one_qb": 7045,
    "superflex": 6337
  },
  {
    "name": "2025 Early 1st",
    "team": "",
    "position": "PI",
    "one_qb": 6996,
    "superflex": 6302
  },
  {
    "name": "Jordan Love",
    "team": "GBP",
    "position": "QB",
    "one_qb": 5051,
    "superflex": 6246
  },
  {
    "name": "Omarion Hampton",
    "team": "LAC",
    "position": "RB",
    "one_qb": 6832,
    "superflex": 6242
  },
  {
    "name": "De'Von Achane",
    "team": "MIA",
    "position": "RB",
    "one_qb": 6773,
    "superflex": 6048
  },
  {
    "name": "A.J. Brown",
    "team": "PHI",
    "position": "WR",
    "one_qb": 6663,
    "superflex": 5999
  },
  {
    "name": "Garrett Wilson",
    "team": "NYJ",
    "position": "WR",
    "one_qb": 6724,
    "superflex": 5997
  },
  {
    "name": "Aidan Hutchinson",
    "team": "DET",
    "position": "DL",
    "one_qb": 5930,
    "superflex": 5930
  },
  {
    "name": "Brock Purdy",
    "team": "SFO",
    "position": "QB",
    "one_qb": 4484,
    "superflex": 5825
  },
  {
    "name": "2026 Early 1st",
    "team": "",
    "position": "PI",
    "one_qb": 6352,
    "superflex": 5764
  },
  {
    "name": "2027 Early 1st",
    "team": "",
    "position": "PI",
    "one_qb": 6288,
    "superflex": 5661
  },
  {
    "name": "Micah Parsons",
    "team": "GB",
    "position": "DL",
    "one_qb": 5561,
    "superflex": 5561
  },
  {
    "name": "Bucky Irving",
    "team": "TBB",
    "position": "RB",
    "one_qb": 6543,
    "superflex": 5545
  },
  {
    "name": "Tetairoa McMillan",
    "team": "CAR",
    "position": "WR",
    "one_qb": 6364,
    "superflex": 5530
  },
  {
    "name": "Kyler Murray",
    "team": "ARI",
    "position": "QB",
    "one_qb": 4766,
    "superflex": 5527
  },
  {
    "name": "TreVeyon Henderson",
    "team": "NEP",
    "position": "RB",
    "one_qb": 6353,
    "superflex": 5458
  },
  {
    "name": "Breece Hall",
    "team": "NYJ",
    "position": "RB",
    "one_qb": 6339,
    "superflex": 5458
  },
  {
    "name": "Trevor Lawrence",
    "team": "JAC",
    "position": "QB",
    "one_qb": 4454,
    "superflex": 5458
  },
  {
    "name": "J.J. McCarthy",
    "team": "MIN",
    "position": "QB",
    "one_qb": 4535,
    "superflex": 5442
  },
  {
    "name": "Tee Higgins",
    "team": "CIN",
    "position": "WR",
    "one_qb": 6326,
    "superflex": 5440
  },
  {
    "name": "2025 Mid 1st",
    "team": "",
    "position": "PI",
    "one_qb": 6179,
    "superflex": 5427
  },
  {
    "name": "Cam Ward",
    "team": "TEN",
    "position": "QB",
    "one_qb": 4896,
    "superflex": 5426
  },
  {
    "name": "Baker Mayfield",
    "team": "TBB",
    "position": "QB",
    "one_qb": 4582,
    "superflex": 5421
  },
  {
    "name": "Jonathan Taylor",
    "team": "IND",
    "position": "RB",
    "one_qb": 6276,
    "superflex": 5414
  },
  {
    "name": "Sam LaPorta",
    "team": "DET",
    "position": "TE",
    "one_qb": 6327,
    "superflex": 5400
  },
  {
    "name": "Michael Penix Jr.",
    "team": "ATL",
    "position": "QB",
    "one_qb": 4469,
    "superflex": 5393
  },
  {
    "name": "Quinshon Judkins",
    "team": "CLE",
    "position": "RB",
    "one_qb": 6224,
    "superflex": 5269
  },
  {
    "name": "Rashee Rice",
    "team": "KCC",
    "position": "WR",
    "one_qb": 6133,
    "superflex": 5266
  },
  {
    "name": "Will Anderson",
    "team": "HOU",
    "position": "DL",
    "one_qb": 5254,
    "superflex": 5254
  },
  {
    "name": "Rome Odunze",
    "team": "CHI",
    "position": "WR",
    "one_qb": 6208,
    "superflex": 5226
  },
  {
    "name": "DeVonta Smith",
    "team": "PHI",
    "position": "WR",
    "one_qb": 6128,
    "superflex": 5225
  },
  {
    "name": "Kyren Williams",
    "team": "LAR",
    "position": "RB",
    "one_qb": 6156,
    "superflex": 5192
  },
  {
    "name": "Bryce Young",
    "team": "CAR",
    "position": "QB",
    "one_qb": 4045,
    "superflex": 5044
  },
  {
    "name": "Maxx Crosby",
    "team": "LV",
    "position": "DL",
    "one_qb": 4996,
    "superflex": 4996
  },
  {
    "name": "2026 Mid 1st",
    "team": "",
    "position": "PI",
    "one_qb": 5635,
    "superflex": 4909
  },
  {
    "name": "Emeka Egbuka",
    "team": "TBB",
    "position": "WR",
    "one_qb": 5695,
    "superflex": 4831
  },
  {
    "name": "James Cook",
    "team": "BUF",
    "position": "RB",
    "one_qb": 5847,
    "superflex": 4829
  },
  {
    "name": "2027 Mid 1st",
    "team": "",
    "position": "PI",
    "one_qb": 5429,
    "superflex": 4788
  },
  {
    "name": "Myles Garrett",
    "team": "CLE",
    "position": "DL",
    "one_qb": 4781,
    "superflex": 4781
  },
  {
    "name": "Kenneth Walker III",
    "team": "SEA",
    "position": "RB",
    "one_qb": 5785,
    "superflex": 4755
  },
  {
    "name": "Xavier Worthy",
    "team": "KCC",
    "position": "WR",
    "one_qb": 5630,
    "superflex": 4751
  },
  {
    "name": "Jordan Addison",
    "team": "MIN",
    "position": "WR",
    "one_qb": 5648,
    "superflex": 4739
  },
  {
    "name": "Josh Jacobs",
    "team": "GBP",
    "position": "RB",
    "one_qb": 5729,
    "superflex": 4732
  },
  {
    "name": "Jared Goff",
    "team": "DET",
    "position": "QB",
    "one_qb": 3865,
    "superflex": 4730
  },
  {
    "name": "Kaleb Johnson",
    "team": "PIT",
    "position": "RB",
    "one_qb": 5672,
    "superflex": 4710
  },
  {
    "name": "2025 Late 1st",
    "team": "",
    "position": "PI",
    "one_qb": 5521,
    "superflex": 4703
  },
  {
    "name": "Chase Brown",
    "team": "CIN",
    "position": "RB",
    "one_qb": 5623,
    "superflex": 4692
  },
  {
    "name": "Zay Flowers",
    "team": "BAL",
    "position": "WR",
    "one_qb": 5624,
    "superflex": 4682
  },
  {
    "name": "DK Metcalf",
    "team": "PIT",
    "position": "WR",
    "one_qb": 5569,
    "superflex": 4663
  },
  {
    "name": "Colston Loveland",
    "team": "CHI",
    "position": "TE",
    "one_qb": 5447,
    "superflex": 4641
  },
  {
    "name": "Christian McCaffrey",
    "team": "SFO",
    "position": "RB",
    "one_qb": 5615,
    "superflex": 4624
  },
  {
    "name": "Tyler Warren",
    "team": "IND",
    "position": "TE",
    "one_qb": 5437,
    "superflex": 4616
  },
  {
    "name": "T.J. Watt",
    "team": "PIT",
    "position": "DL",
    "one_qb": 4602,
    "superflex": 4602
  },
  {
    "name": "Dak Prescott",
    "team": "DAL",
    "position": "QB",
    "one_qb": 3779,
    "superflex": 4589
  },
  {
    "name": "RJ Harvey",
    "team": "DEN",
    "position": "RB",
    "one_qb": 5538,
    "superflex": 4539
  },
  {
    "name": "Chris Olave",
    "team": "NOS",
    "position": "WR",
    "one_qb": 5442,
    "superflex": 4506
  },
  {
    "name": "Jared Verse",
    "team": "LAR",
    "position": "DL",
    "one_qb": 4452,
    "superflex": 4452
  },
  {
    "name": "2026 Late 1st",
    "team": "",
    "position": "PI",
    "one_qb": 5307,
    "superflex": 4444
  },
  {
    "name": "Jaylen Waddle",
    "team": "MIA",
    "position": "WR",
    "one_qb": 5303,
    "superflex": 4431
  },
  {
    "name": "Jameson Williams",
    "team": "DET",
    "position": "WR",
    "one_qb": 5411,
    "superflex": 4416
  },
  {
    "name": "Derrick Henry",
    "team": "BAL",
    "position": "RB",
    "one_qb": 5438,
    "superflex": 4400
  },
  {
    "name": "Jaxson Dart",
    "team": "NYG",
    "position": "QB",
    "one_qb": 3293,
    "superflex": 4390
  },
  {
    "name": "D.J. Moore",
    "team": "CHI",
    "position": "WR",
    "one_qb": 5330,
    "superflex": 4365
  },
  {
    "name": "Terry McLaurin",
    "team": "WAS",
    "position": "WR",
    "one_qb": 5283,
    "superflex": 4349
  },
  {
    "name": "Matthew Golden",
    "team": "GBP",
    "position": "WR",
    "one_qb": 5346,
    "superflex": 4346
  },
  {
    "name": "Nick Bosa",
    "team": "SF",
    "position": "DL",
    "one_qb": 4327,
    "superflex": 4327
  },
  {
    "name": "Carson Schwesinger",
    "team": "CLE",
    "position": "LB",
    "one_qb": 4325,
    "superflex": 4325
  },
  {
    "name": "2027 Late 1st",
    "team": "",
    "position": "PI",
    "one_qb": 5126,
    "superflex": 4287
  },
  {
    "name": "Edgerrin Cooper",
    "team": "GB",
    "position": "LB",
    "one_qb": 4221,
    "superflex": 4221
  },
  {
    "name": "Luther Burden",
    "team": "CHI",
    "position": "WR",
    "one_qb": 5065,
    "superflex": 4176
  },
  {
    "name": "George Pickens",
    "team": "DAL",
    "position": "WR",
    "one_qb": 5097,
    "superflex": 4171
  },
  {
    "name": "Roquan Smith",
    "team": "BAL",
    "position": "LB",
    "one_qb": 4134,
    "superflex": 4134
  },
  {
    "name": "George Kittle",
    "team": "SFO",
    "position": "TE",
    "one_qb": 5031,
    "superflex": 4120
  },
  {
    "name": "Chuba Hubbard",
    "team": "CAR",
    "position": "RB",
    "one_qb": 5111,
    "superflex": 4066
  },
  {
    "name": "Foyesade Oluokun",
    "team": "JAX",
    "position": "LB",
    "one_qb": 4061,
    "superflex": 4061
  },
  {
    "name": "Tua Tagovailoa",
    "team": "MIA",
    "position": "QB",
    "one_qb": 3545,
    "superflex": 4045
  },
  {
    "name": "T.J. Hockenson",
    "team": "MIN",
    "position": "TE",
    "one_qb": 4990,
    "superflex": 4029
  },
  {
    "name": "Jack Campbell",
    "team": "DET",
    "position": "LB",
    "one_qb": 4000,
    "superflex": 4000
  },
  {
    "name": "Fred Warner",
    "team": "SF",
    "position": "LB",
    "one_qb": 3950,
    "superflex": 3950
  },
  {
    "name": "Ricky Pearsall",
    "team": "SFO",
    "position": "WR",
    "one_qb": 4907,
    "superflex": 3946
  },
  {
    "name": "Brandon Aiyuk",
    "team": "SFO",
    "position": "WR",
    "one_qb": 4793,
    "superflex": 3915
  },
  {
    "name": "Abdul Carter",
    "team": "NYG",
    "position": "DL",
    "one_qb": 3892,
    "superflex": 3892
  },
  {
    "name": "Brian Branch",
    "team": "DET",
    "position": "DB",
    "one_qb": 3883,
    "superflex": 3883
  },
  {
    "name": "2025 Early 2nd",
    "team": "",
    "position": "PI",
    "one_qb": 4763,
    "superflex": 3853
  },
  {
    "name": "Jerry Jeudy",
    "team": "CLE",
    "position": "WR",
    "one_qb": 4805,
    "superflex": 3845
  },
  {
    "name": "Sam Darnold",
    "team": "SEA",
    "position": "QB",
    "one_qb": 3305,
    "superflex": 3823
  },
  {
    "name": "Justin Fields",
    "team": "NYJ",
    "position": "QB",
    "one_qb": 3662,
    "superflex": 3821
  },
  {
    "name": "Jayden Higgins",
    "team": "HOU",
    "position": "WR",
    "one_qb": 4687,
    "superflex": 3819
  },
  {
    "name": "Mike Evans",
    "team": "TBB",
    "position": "WR",
    "one_qb": 4824,
    "superflex": 3804
  },
  {
    "name": "David Montgomery",
    "team": "DET",
    "position": "RB",
    "one_qb": 4746,
    "superflex": 3780
  },
  {
    "name": "Tyreek Hill",
    "team": "MIA",
    "position": "WR",
    "one_qb": 4703,
    "superflex": 3777
  },
  {
    "name": "Kyle Hamilton",
    "team": "BAL",
    "position": "DB",
    "one_qb": 3770,
    "superflex": 3770
  },
  {
    "name": "Jayden Reed",
    "team": "GBP",
    "position": "WR",
    "one_qb": 4627,
    "superflex": 3739
  },
  {
    "name": "Cam Skattebo",
    "team": "NYG",
    "position": "RB",
    "one_qb": 4566,
    "superflex": 3672
  },
  {
    "name": "Joe Mixon",
    "team": "HOU",
    "position": "RB",
    "one_qb": 4656,
    "superflex": 3671
  },
  {
    "name": "Derwin James",
    "team": "LAC",
    "position": "DB",
    "one_qb": 3667,
    "superflex": 3667
  },
  {
    "name": "2026 Early 2nd",
    "team": "",
    "position": "PI",
    "one_qb": 4245,
    "superflex": 3635
  },
  {
    "name": "Tre Harris",
    "team": "LAC",
    "position": "WR",
    "one_qb": 4490,
    "superflex": 3630
  },
  {
    "name": "Alvin Kamara",
    "team": "NOS",
    "position": "RB",
    "one_qb": 4594,
    "superflex": 3619
  },
  {
    "name": "Khalil Shakir",
    "team": "BUF",
    "position": "WR",
    "one_qb": 4535,
    "superflex": 3618
  },
  {
    "name": "Chris Godwin",
    "team": "TBB",
    "position": "WR",
    "one_qb": 4529,
    "superflex": 3617
  },
  {
    "name": "Anthony Richardson",
    "team": "IND",
    "position": "QB",
    "one_qb": 3631,
    "superflex": 3602
  },
  {
    "name": "Josh Downs",
    "team": "IND",
    "position": "WR",
    "one_qb": 4477,
    "superflex": 3552
  },
  {
    "name": "Jamien Sherwood",
    "team": "NYJ",
    "position": "LB",
    "one_qb": 3531,
    "superflex": 3531
  },
  {
    "name": "Keon Coleman",
    "team": "BUF",
    "position": "WR",
    "one_qb": 4425,
    "superflex": 3530
  },
  {
    "name": "2025 Mid 2nd",
    "team": "",
    "position": "PI",
    "one_qb": 4175,
    "superflex": 3508
  },
  {
    "name": "Zaire Franklin",
    "team": "IND",
    "position": "LB",
    "one_qb": 3474,
    "superflex": 3474
  },
  {
    "name": "Courtland Sutton",
    "team": "DEN",
    "position": "WR",
    "one_qb": 4245,
    "superflex": 3430
  },
  {
    "name": "Jihaad Campbell",
    "team": "PHI",
    "position": "LB",
    "one_qb": 3420,
    "superflex": 3420
  },
  {
    "name": "Michael Pittman",
    "team": "IND",
    "position": "WR",
    "one_qb": 4167,
    "superflex": 3414
  },
  {
    "name": "Davante Adams",
    "team": "LAR",
    "position": "WR",
    "one_qb": 4266,
    "superflex": 3404
  },
  {
    "name": "Kyle Pitts",
    "team": "ATL",
    "position": "TE",
    "one_qb": 4118,
    "superflex": 3400
  },
  {
    "name": "Zack Baun",
    "team": "PHI",
    "position": "LB",
    "one_qb": 3369,
    "superflex": 3369
  },
  {
    "name": "Laitau Latu",
    "team": "IND",
    "position": "DL",
    "one_qb": 3369,
    "superflex": 3369
  },
  {
    "name": "Dalton Kincaid",
    "team": "BUF",
    "position": "TE",
    "one_qb": 4159,
    "superflex": 3352
  },
  {
    "name": "Brian Robinson",
    "team": "WAS",
    "position": "RB",
    "one_qb": 4201,
    "superflex": 3346
  },
  {
    "name": "Nick Bolton",
    "team": "KC",
    "position": "LB",
    "one_qb": 3321,
    "superflex": 3321
  },
  {
    "name": "Greg Rousseau",
    "team": "BUF",
    "position": "DL",
    "one_qb": 3321,
    "superflex": 3321
  },
  {
    "name": "Zach Charbonnet",
    "team": "SEA",
    "position": "RB",
    "one_qb": 4216,
    "superflex": 3307
  },
  {
    "name": "2027 Early 2nd",
    "team": "",
    "position": "PI",
    "one_qb": 4056,
    "superflex": 3295
  },
  {
    "name": "Ernest Jones",
    "team": "SEA",
    "position": "LB",
    "one_qb": 3275,
    "superflex": 3275
  },
  {
    "name": "Josh Hines-Allen",
    "team": "JAX",
    "position": "DL",
    "one_qb": 3275,
    "superflex": 3275
  },
  {
    "name": "Tyrone Tracy",
    "team": "NYG",
    "position": "RB",
    "one_qb": 4067,
    "superflex": 3261
  },
  {
    "name": "Geno Smith",
    "team": "LVR",
    "position": "QB",
    "one_qb": 2768,
    "superflex": 3245
  },
  {
    "name": "Isaiah Likely",
    "team": "BAL",
    "position": "TE",
    "one_qb": 3983,
    "superflex": 3238
  },
  {
    "name": "Demetrius Knight",
    "team": "CIN",
    "position": "LB",
    "one_qb": 3231,
    "superflex": 3231
  },
  {
    "name": "Brian Burns",
    "team": "NYG",
    "position": "DL",
    "one_qb": 3231,
    "superflex": 3231
  },
  {
    "name": "David Njoku",
    "team": "CLE",
    "position": "TE",
    "one_qb": 3880,
    "superflex": 3213
  },
  {
    "name": "Jack Bech",
    "team": "LVR",
    "position": "WR",
    "one_qb": 4045,
    "superflex": 3210
  },
  {
    "name": "Trey Benson",
    "team": "ARI",
    "position": "RB",
    "one_qb": 3981,
    "superflex": 3210
  },
  {
    "name": "Isiah Pacheco",
    "team": "KCC",
    "position": "RB",
    "one_qb": 4062,
    "superflex": 3202
  },
  {
    "name": "Tucker Kraft",
    "team": "GBP",
    "position": "TE",
    "one_qb": 3976,
    "superflex": 3196
  },
  {
    "name": "2026 Mid 2nd",
    "team": "",
    "position": "PI",
    "one_qb": 3879,
    "superflex": 3192
  },
  {
    "name": "Daiyan Henley",
    "team": "LAC",
    "position": "LB",
    "one_qb": 3189,
    "superflex": 3189
  },
  {
    "name": "Dallas Turner",
    "team": "MIN",
    "position": "DL",
    "one_qb": 3189,
    "superflex": 3189
  },
  {
    "name": "Jalen Milroe",
    "team": "SEA",
    "position": "QB",
    "one_qb": 3107,
    "superflex": 3188
  },
  {
    "name": "D'Andre Swift",
    "team": "CHI",
    "position": "RB",
    "one_qb": 4007,
    "superflex": 3184
  },
  {
    "name": "James Conner",
    "team": "ARI",
    "position": "RB",
    "one_qb": 4031,
    "superflex": 3178
  },
  {
    "name": "Matthew Stafford",
    "team": "LAR",
    "position": "QB",
    "one_qb": 2766,
    "superflex": 3164
  },
  {
    "name": "Bobby Okereke",
    "team": "NYG",
    "position": "LB",
    "one_qb": 3149,
    "superflex": 3149
  },
  {
    "name": "Trey Hendrickson",
    "team": "CIN",
    "position": "DL",
    "one_qb": 3149,
    "superflex": 3149
  },
  {
    "name": "Terrel Bernard",
    "team": "BUF",
    "position": "LB",
    "one_qb": 3111,
    "superflex": 3111
  },
  {
    "name": "Danielle Hunter",
    "team": "HOU",
    "position": "DL",
    "one_qb": 3111,
    "superflex": 3111
  },
  {
    "name": "Mark Andrews",
    "team": "BAL",
    "position": "TE",
    "one_qb": 3798,
    "superflex": 3111
  },
  {
    "name": "2025 Late 2nd",
    "team": "",
    "position": "PI",
    "one_qb": 3755,
    "superflex": 3102
  },
  {
    "name": "Jauan Jennings",
    "team": "SFO",
    "position": "WR",
    "one_qb": 3900,
    "superflex": 3084
  },
  {
    "name": "Jordyn Brooks",
    "team": "MIA",
    "position": "LB",
    "one_qb": 3075,
    "superflex": 3075
  },
  {
    "name": "Jonathan Greenard",
    "team": "MIN",
    "position": "DL",
    "one_qb": 3075,
    "superflex": 3075
  },
  {
    "name": "Bhayshul Tuten",
    "team": "JAC",
    "position": "RB",
    "one_qb": 3962,
    "superflex": 3057
  },
  {
    "name": "2027 Mid 2nd",
    "team": "",
    "position": "PI",
    "one_qb": 3517,
    "superflex": 3055
  },
  {
    "name": "Jakobi Meyers",
    "team": "LVR",
    "position": "WR",
    "one_qb": 3870,
    "superflex": 3046
  },
  {
    "name": "T.J. Edwards",
    "team": "CHI",
    "position": "LB",
    "one_qb": 3041,
    "superflex": 3041
  },
  {
    "name": "Nik Bonitto",
    "team": "DEN",
    "position": "DL",
    "one_qb": 3041,
    "superflex": 3041
  },
  {
    "name": "Travis Etienne",
    "team": "JAC",
    "position": "RB",
    "one_qb": 3862,
    "superflex": 3030
  },
  {
    "name": "Tyler Shough",
    "team": "NOS",
    "position": "QB",
    "one_qb": 2025,
    "superflex": 3023
  },
  {
    "name": "Kaden Elliss",
    "team": "ATL",
    "position": "LB",
    "one_qb": 3008,
    "superflex": 3008
  },
  {
    "name": "Travon Walker",
    "team": "JAX",
    "position": "DL",
    "one_qb": 3008,
    "superflex": 3008
  },
  {
    "name": "Deebo Samuel",
    "team": "WAS",
    "position": "WR",
    "one_qb": 3752,
    "superflex": 3008
  },
  {
    "name": "Tony Pollard",
    "team": "TEN",
    "position": "RB",
    "one_qb": 3826,
    "superflex": 2998
  },
  {
    "name": "Kyle Williams",
    "team": "NEP",
    "position": "WR",
    "one_qb": 3244,
    "superflex": 2980
  },
  {
    "name": "Payton Wilson",
    "team": "PIT",
    "position": "LB",
    "one_qb": 2977,
    "superflex": 2977
  },
  {
    "name": "Rashan Gary",
    "team": "GB",
    "position": "DL",
    "one_qb": 2977,
    "superflex": 2977
  },
  {
    "name": "Jaylin Noel",
    "team": "HOU",
    "position": "WR",
    "one_qb": 3767,
    "superflex": 2951
  },
  {
    "name": "Devin Lloyd",
    "team": "JAX",
    "position": "LB",
    "one_qb": 2948,
    "superflex": 2948
  },
  {
    "name": "Alex Highsmith",
    "team": "PIT",
    "position": "DL",
    "one_qb": 2948,
    "superflex": 2948
  },
  {
    "name": "Azeez Al-Shaair",
    "team": "HOU",
    "position": "LB",
    "one_qb": 2920,
    "superflex": 2920
  },
  {
    "name": "George Karlaftis",
    "team": "KC",
    "position": "DL",
    "one_qb": 2920,
    "superflex": 2920
  },
  {
    "name": "Aaron Jones",
    "team": "MIN",
    "position": "RB",
    "one_qb": 3725,
    "superflex": 2911
  },
  {
    "name": "Jalen McMillan",
    "team": "TBB",
    "position": "WR",
    "one_qb": 3666,
    "superflex": 2904
  },
  {
    "name": "2026 Late 2nd",
    "team": "",
    "position": "PI",
    "one_qb": 3550,
    "superflex": 2898
  },
  {
    "name": "Xavier Legette",
    "team": "CAR",
    "position": "WR",
    "one_qb": 3704,
    "superflex": 2896
  },
  {
    "name": "Alex Singleton",
    "team": "DEN",
    "position": "LB",
    "one_qb": 2893,
    "superflex": 2893
  },
  {
    "name": "Chop Robinson",
    "team": "MIA",
    "position": "DL",
    "one_qb": 2893,
    "superflex": 2893
  },
  {
    "name": "Mason Taylor",
    "team": "NYJ",
    "position": "TE",
    "one_qb": 3470,
    "superflex": 2892
  },
  {
    "name": "Jaylen Warren",
    "team": "PIT",
    "position": "RB",
    "one_qb": 3659,
    "superflex": 2891
  },
  {
    "name": "Tyjae Spears",
    "team": "TEN",
    "position": "RB",
    "one_qb": 3595,
    "superflex": 2882
  },
  {
    "name": "Trevin Wallace",
    "team": "CAR",
    "position": "LB",
    "one_qb": 2868,
    "superflex": 2868
  },
  {
    "name": "Andrew Van Ginkel",
    "team": "MIN",
    "position": "DL",
    "one_qb": 2868,
    "superflex": 2868
  },
  {
    "name": "Stefon Diggs",
    "team": "NEP",
    "position": "WR",
    "one_qb": 3555,
    "superflex": 2859
  },
  {
    "name": "Evan Engram",
    "team": "DEN",
    "position": "TE",
    "one_qb": 3555,
    "superflex": 2856
  },
  {
    "name": "Jaydon Blue",
    "team": "DAL",
    "position": "RB",
    "one_qb": 3540,
    "superflex": 2854
  },
  {
    "name": "Robert Spillane",
    "team": "NE",
    "position": "LB",
    "one_qb": 2844,
    "superflex": 2844
  },
  {
    "name": "Tuli Tuipulotu",
    "team": "LAC",
    "position": "DL",
    "one_qb": 2844,
    "superflex": 2844
  },
  {
    "name": "Calvin Ridley",
    "team": "TEN",
    "position": "WR",
    "one_qb": 3539,
    "superflex": 2841
  },
  {
    "name": "2027 Late 2nd",
    "team": "",
    "position": "PI",
    "one_qb": 3273,
    "superflex": 2841
  },
  {
    "name": "Jake Ferguson",
    "team": "DAL",
    "position": "TE",
    "one_qb": 3451,
    "superflex": 2834
  },
  {
    "name": "Braelon Allen",
    "team": "NYJ",
    "position": "RB",
    "one_qb": 3570,
    "superflex": 2829
  },
  {
    "name": "Cedric Gray",
    "team": "TEN",
    "position": "LB",
    "one_qb": 2821,
    "superflex": 2821
  },
  {
    "name": "Montez Sweat",
    "team": "CHI",
    "position": "DL",
    "one_qb": 2821,
    "superflex": 2821
  },
  {
    "name": "Cooper Kupp",
    "team": "SEA",
    "position": "WR",
    "one_qb": 3463,
    "superflex": 2803
  },
  {
    "name": "Quay Walker",
    "team": "GB",
    "position": "LB",
    "one_qb": 2799,
    "superflex": 2799
  },
  {
    "name": "Kayvon Thibodeaux",
    "team": "NYG",
    "position": "DL",
    "one_qb": 2799,
    "superflex": 2799
  },
  {
    "name": "Dylan Sampson",
    "team": "CLE",
    "position": "RB",
    "one_qb": 3415,
    "superflex": 2795
  },
  {
    "name": "Tank Bigsby",
    "team": "JAC",
    "position": "RB",
    "one_qb": 3429,
    "superflex": 2791
  },
  {
    "name": "Pat Freiermuth",
    "team": "PIT",
    "position": "TE",
    "one_qb": 3335,
    "superflex": 2790
  },
  {
    "name": "Darnell Mooney",
    "team": "ATL",
    "position": "WR",
    "one_qb": 3446,
    "superflex": 2783
  },
  {
    "name": "Terrance Ferguson",
    "team": "LAR",
    "position": "TE",
    "one_qb": 3373,
    "superflex": 2781
  },
  {
    "name": "Frankie Luvu",
    "team": "WFT",
    "position": "LB",
    "one_qb": 2778,
    "superflex": 2778
  },
  {
    "name": "Will McDonald",
    "team": "NYJ",
    "position": "DL",
    "one_qb": 2778,
    "superflex": 2778
  },
  {
    "name": "Najee Harris",
    "team": "LAC",
    "position": "RB",
    "one_qb": 3495,
    "superflex": 2775
  },
  {
    "name": "Travis Kelce",
    "team": "KCC",
    "position": "TE",
    "one_qb": 3372,
    "superflex": 2773
  },
  {
    "name": "Devin White",
    "team": "LV",
    "position": "LB",
    "one_qb": 2772,
    "superflex": 2772
  },
  {
    "name": "Patrick Queen",
    "team": "PIT",
    "position": "LB",
    "one_qb": 2758,
    "superflex": 2758
  },
  {
    "name": "Jalen Carter",
    "team": "PHI",
    "position": "DL",
    "one_qb": 2758,
    "superflex": 2758
  },
  {
    "name": "Rashid Shaheed",
    "team": "NOS",
    "position": "WR",
    "one_qb": 3364,
    "superflex": 2743
  },
  {
    "name": "Blake Cashman",
    "team": "MIN",
    "position": "LB",
    "one_qb": 2740,
    "superflex": 2740
  },
  {
    "name": "Nick Herbig",
    "team": "PIT",
    "position": "DL",
    "one_qb": 2740,
    "superflex": 2740
  },
  {
    "name": "Shedeur Sanders",
    "team": "CLE",
    "position": "QB",
    "one_qb": 2730,
    "superflex": 2738
  },
  {
    "name": "Jordan Mason",
    "team": "MIN",
    "position": "RB",
    "one_qb": 3377,
    "superflex": 2734
  },
  {
    "name": "Javonte Williams",
    "team": "DAL",
    "position": "RB",
    "one_qb": 3242,
    "superflex": 2733
  },
  {
    "name": "Jonathon Cooper",
    "team": "DEN",
    "position": "DL",
    "one_qb": 2722,
    "superflex": 2722
  },
  {
    "name": "Nate Landman",
    "team": "LAR",
    "position": "LB",
    "one_qb": 2710,
    "superflex": 2710
  },
  {
    "name": "Zach Allen",
    "team": "DEN",
    "position": "DL",
    "one_qb": 2705,
    "superflex": 2705
  },
  {
    "name": "Cade Otton",
    "team": "TBB",
    "position": "TE",
    "one_qb": 3250,
    "superflex": 2698
  },
  {
    "name": "Jonathon Brooks",
    "team": "CAR",
    "position": "RB",
    "one_qb": 3351,
    "superflex": 2676
  },
  {
    "name": "Rachaad White",
    "team": "TBB",
    "position": "RB",
    "one_qb": 3313,
    "superflex": 2676
  },
  {
    "name": "Isaac Guerendo",
    "team": "SFO",
    "position": "RB",
    "one_qb": 3299,
    "superflex": 2658
  },
  {
    "name": "Quincy Williams",
    "team": "NYJ",
    "position": "LB",
    "one_qb": 2652,
    "superflex": 2652
  },
  {
    "name": "Cedric Tillman",
    "team": "CLE",
    "position": "WR",
    "one_qb": 3314,
    "superflex": 2650
  },
  {
    "name": "Marvin Mims",
    "team": "DEN",
    "position": "WR",
    "one_qb": 3257,
    "superflex": 2649
  },
  {
    "name": "Jonnu Smith",
    "team": "MIA",
    "position": "TE",
    "one_qb": 3143,
    "superflex": 2638
  },
  {
    "name": "Rashod Bateman",
    "team": "BAL",
    "position": "WR",
    "one_qb": 3198,
    "superflex": 2613
  },
  {
    "name": "Devin Neal",
    "team": "NOS",
    "position": "RB",
    "one_qb": 3175,
    "superflex": 2612
  },
  {
    "name": "Rhamondre Stevenson",
    "team": "NEP",
    "position": "RB",
    "one_qb": 3257,
    "superflex": 2610
  },
  {
    "name": "2025 Early 3rd",
    "team": "",
    "position": "PI",
    "one_qb": 3078,
    "superflex": 2610
  },
  {
    "name": "Brenton Strange",
    "team": "JAC",
    "position": "TE",
    "one_qb": 3093,
    "superflex": 2607
  },
  {
    "name": "Elijah Arroyo",
    "team": "SEA",
    "position": "TE",
    "one_qb": 3084,
    "superflex": 2597
  },
  {
    "name": "Ivan Pace",
    "team": "MIN",
    "position": "LB",
    "one_qb": 2596,
    "superflex": 2596
  },
  {
    "name": "Jalen Royals",
    "team": "KCC",
    "position": "WR",
    "one_qb": 3229,
    "superflex": 2589
  },
  {
    "name": "Jaylen Wright",
    "team": "MIA",
    "position": "RB",
    "one_qb": 3143,
    "superflex": 2579
  },
  {
    "name": "Ray Davis",
    "team": "BUF",
    "position": "RB",
    "one_qb": 3138,
    "superflex": 2576
  },
  {
    "name": "Dallas Goedert",
    "team": "PHI",
    "position": "TE",
    "one_qb": 2992,
    "superflex": 2574
  },
  {
    "name": "Adonai Mitchell",
    "team": "IND",
    "position": "WR",
    "one_qb": 3100,
    "superflex": 2570
  },
  {
    "name": "Jalen Coker",
    "team": "CAR",
    "position": "WR",
    "one_qb": 3084,
    "superflex": 2558
  },
  {
    "name": "Tyrice Knight",
    "team": "SEA",
    "position": "LB",
    "one_qb": 2543,
    "superflex": 2543
  },
  {
    "name": "Romeo Doubs",
    "team": "GBP",
    "position": "WR",
    "one_qb": 3049,
    "superflex": 2536
  },
  {
    "name": "Ben Sinnott",
    "team": "WAS",
    "position": "TE",
    "one_qb": 3051,
    "superflex": 2522
  },
  {
    "name": "Tank Dell",
    "team": "HOU",
    "position": "WR",
    "one_qb": 3172,
    "superflex": 2508
  },
  {
    "name": "Harold Fannin",
    "team": "CLE",
    "position": "TE",
    "one_qb": 3035,
    "superflex": 2508
  },
  {
    "name": "Blake Corum",
    "team": "LAR",
    "position": "RB",
    "one_qb": 3099,
    "superflex": 2503
  },
  {
    "name": "Trevor Etienne",
    "team": "CAR",
    "position": "RB",
    "one_qb": 3044,
    "superflex": 2498
  },
  {
    "name": "Cody Barton",
    "team": "TEN",
    "position": "LB",
    "one_qb": 2492,
    "superflex": 2492
  },
  {
    "name": "Antoine Winfield Jr.",
    "team": "TB",
    "position": "DB",
    "one_qb": 2486,
    "superflex": 2486
  },
  {
    "name": "Marquise Brown",
    "team": "KCC",
    "position": "WR",
    "one_qb": 2940,
    "superflex": 2464
  },
  {
    "name": "Kamren Curl",
    "team": "LAR",
    "position": "DB",
    "one_qb": 2456,
    "superflex": 2456
  },
  {
    "name": "Tyrel Dodson",
    "team": "MIA",
    "position": "LB",
    "one_qb": 2444,
    "superflex": 2444
  },
  {
    "name": "Quentin Johnston",
    "team": "LAC",
    "position": "WR",
    "one_qb": 2922,
    "superflex": 2434
  },
  {
    "name": "Elic Ayomanor",
    "team": "TEN",
    "position": "WR",
    "one_qb": 2876,
    "superflex": 2428
  },
  {
    "name": "Tykee Smith",
    "team": "TB",
    "position": "DB",
    "one_qb": 2427,
    "superflex": 2427
  },
  {
    "name": "2025 Mid 3rd",
    "team": "",
    "position": "PI",
    "one_qb": 2767,
    "superflex": 2401
  },
  {
    "name": "Budda Baker",
    "team": "ARI",
    "position": "DB",
    "one_qb": 2400,
    "superflex": 2400
  },
  {
    "name": "Christian Rozeboom",
    "team": "CAR",
    "position": "LB",
    "one_qb": 2398,
    "superflex": 2398
  },
  {
    "name": "Ja'Tavion Sanders",
    "team": "CAR",
    "position": "TE",
    "one_qb": 2841,
    "superflex": 2382
  },
  {
    "name": "Christian Watson",
    "team": "GBP",
    "position": "WR",
    "one_qb": 2771,
    "superflex": 2381
  },
  {
    "name": "Jessie Bates III",
    "team": "ATL",
    "position": "DB",
    "one_qb": 2375,
    "superflex": 2375
  },
  {
    "name": "2026 Early 3rd",
    "team": "",
    "position": "PI",
    "one_qb": 2716,
    "superflex": 2364
  },
  {
    "name": "Junior Colson",
    "team": "LAC",
    "position": "LB",
    "one_qb": 2355,
    "superflex": 2355
  },
  {
    "name": "Xavier McKinney",
    "team": "GB",
    "position": "DB",
    "one_qb": 2350,
    "superflex": 2350
  },
  {
    "name": "Malaki Starks",
    "team": "BAL",
    "position": "DB",
    "one_qb": 2327,
    "superflex": 2327
  },
  {
    "name": "Christian Kirk",
    "team": "HOU",
    "position": "WR",
    "one_qb": 2732,
    "superflex": 2323
  },
  {
    "name": "Roman Wilson",
    "team": "PIT",
    "position": "WR",
    "one_qb": 2557,
    "superflex": 2315
  },
  {
    "name": "Tremaine Edmunds",
    "team": "CHI",
    "position": "LB",
    "one_qb": 2314,
    "superflex": 2314
  },
  {
    "name": "Tyler Allgeier",
    "team": "ATL",
    "position": "RB",
    "one_qb": 2799,
    "superflex": 2310
  },
  {
    "name": "Nick Cross",
    "team": "IND",
    "position": "DB",
    "one_qb": 2305,
    "superflex": 2305
  },
  {
    "name": "MarShawn Lloyd",
    "team": "GBP",
    "position": "RB",
    "one_qb": 2785,
    "superflex": 2301
  },
  {
    "name": "Wan'Dale Robinson",
    "team": "NYG",
    "position": "WR",
    "one_qb": 2805,
    "superflex": 2296
  },
  {
    "name": "DJ Giddens",
    "team": "IND",
    "position": "RB",
    "one_qb": 2656,
    "superflex": 2285
  },
  {
    "name": "Julian Love",
    "team": "SEA",
    "position": "DB",
    "one_qb": 2284,
    "superflex": 2284
  },
  {
    "name": "2025 Late 3rd",
    "team": "",
    "position": "PI",
    "one_qb": 2556,
    "superflex": 2276
  },
  {
    "name": "Ollie Gordon",
    "team": "MIA",
    "position": "RB",
    "one_qb": 2810,
    "superflex": 2275
  },
  {
    "name": "Mack Wilson",
    "team": "ARI",
    "position": "LB",
    "one_qb": 2274,
    "superflex": 2274
  },
  {
    "name": "Josh Metellus",
    "team": "MIN",
    "position": "DB",
    "one_qb": 2264,
    "superflex": 2264
  },
  {
    "name": "2027 Early 3rd",
    "team": "",
    "position": "PI",
    "one_qb": 2551,
    "superflex": 2246
  },
  {
    "name": "Cole Bishop",
    "team": "BUF",
    "position": "DB",
    "one_qb": 2245,
    "superflex": 2245
  },
  {
    "name": "Will Howard",
    "team": "PIT",
    "position": "QB",
    "one_qb": 1425,
    "superflex": 2238
  },
  {
    "name": "Kenneth Murray",
    "team": "DAL",
    "position": "LB",
    "one_qb": 2237,
    "superflex": 2237
  },
  {
    "name": "2026 Mid 3rd",
    "team": "",
    "position": "PI",
    "one_qb": 2540,
    "superflex": 2237
  },
  {
    "name": "Jordan James",
    "team": "SFO",
    "position": "RB",
    "one_qb": 2614,
    "superflex": 2229
  },
  {
    "name": "Devon Witherspoon",
    "team": "SEA",
    "position": "DB",
    "one_qb": 2226,
    "superflex": 2226
  },
  {
    "name": "Jeremy Chinn",
    "team": "LV",
    "position": "DB",
    "one_qb": 2209,
    "superflex": 2209
  },
  {
    "name": "Alex Anzalone",
    "team": "DET",
    "position": "LB",
    "one_qb": 2201,
    "superflex": 2201
  },
  {
    "name": "J.K. Dobbins",
    "team": "LAC",
    "position": "RB",
    "one_qb": 2668,
    "superflex": 2196
  },
  {
    "name": "Tyler Nubin",
    "team": "NYG",
    "position": "DB",
    "one_qb": 2193,
    "superflex": 2193
  },
  {
    "name": "Pat Bryant",
    "team": "DEN",
    "position": "WR",
    "one_qb": 2437,
    "superflex": 2188
  },
  {
    "name": "Javon Bullard",
    "team": "GB",
    "position": "DB",
    "one_qb": 2177,
    "superflex": 2177
  },
  {
    "name": "Cole Kmet",
    "team": "CHI",
    "position": "TE",
    "one_qb": 2596,
    "superflex": 2176
  },
  {
    "name": "Alec Pierce",
    "team": "IND",
    "position": "WR",
    "one_qb": 2587,
    "superflex": 2175
  },
  {
    "name": "Dre Greenlaw",
    "team": "DEN",
    "position": "LB",
    "one_qb": 2167,
    "superflex": 2167
  },
  {
    "name": "Minkah Fitzpatrick",
    "team": "MIA",
    "position": "DB",
    "one_qb": 2162,
    "superflex": 2162
  },
  {
    "name": "Dontayvion Wicks",
    "team": "GBP",
    "position": "WR",
    "one_qb": 2703,
    "superflex": 2156
  },
  {
    "name": "Daniel Jones",
    "team": "IND",
    "position": "QB",
    "one_qb": 1532,
    "superflex": 2155
  },
  {
    "name": "Russell Wilson",
    "team": "NYG",
    "position": "QB",
    "one_qb": 1787,
    "superflex": 2153
  },
  {
    "name": "Jeffery Simmons",
    "team": "TEN",
    "position": "DL",
    "one_qb": 2148,
    "superflex": 2148
  },
  {
    "name": "Jalen Pitre",
    "team": "HOU",
    "position": "DB",
    "one_qb": 2148,
    "superflex": 2148
  },
  {
    "name": "Demario Douglas",
    "team": "NEP",
    "position": "WR",
    "one_qb": 2722,
    "superflex": 2145
  },
  {
    "name": "Kendre Miller",
    "team": "NOS",
    "position": "RB",
    "one_qb": 2512,
    "superflex": 2141
  },
  {
    "name": "Troy Franklin",
    "team": "DEN",
    "position": "WR",
    "one_qb": 2626,
    "superflex": 2140
  },
  {
    "name": "Jalon Walker",
    "team": "ATL",
    "position": "DL",
    "one_qb": 2136,
    "superflex": 2136
  },
  {
    "name": "Pete Werner",
    "team": "NO",
    "position": "LB",
    "one_qb": 2135,
    "superflex": 2135
  },
  {
    "name": "Kerby Joseph",
    "team": "DET",
    "position": "DB",
    "one_qb": 2135,
    "superflex": 2135
  },
  {
    "name": "Derrick Brown",
    "team": "CAR",
    "position": "DL",
    "one_qb": 2123,
    "superflex": 2123
  },
  {
    "name": "Reed Blankenship",
    "team": "PHI",
    "position": "DB",
    "one_qb": 2122,
    "superflex": 2122
  },
  {
    "name": "Chigoziem Okonkwo",
    "team": "TEN",
    "position": "TE",
    "one_qb": 2388,
    "superflex": 2113
  },
  {
    "name": "Quinnen Williams",
    "team": "DAL",
    "position": "DL",
    "one_qb": 2111,
    "superflex": 2111
  },
  {
    "name": "Jaden Hicks",
    "team": "KC",
    "position": "DB",
    "one_qb": 2110,
    "superflex": 2110
  },
  {
    "name": "Rico Dowdle",
    "team": "CAR",
    "position": "RB",
    "one_qb": 2584,
    "superflex": 2110
  },
  {
    "name": "Micah McFadden",
    "team": "NYG",
    "position": "LB",
    "one_qb": 2105,
    "superflex": 2105
  },
  {
    "name": "Dexter Lawrence",
    "team": "NYG",
    "position": "DL",
    "one_qb": 2099,
    "superflex": 2099
  },
  {
    "name": "Jaquan Brisker",
    "team": "CHI",
    "position": "DB",
    "one_qb": 2098,
    "superflex": 2098
  },
  {
    "name": "Calijah Kancey",
    "team": "TB",
    "position": "DL",
    "one_qb": 2087,
    "superflex": 2087
  },
  {
    "name": "Jevon Holland",
    "team": "NYG",
    "position": "DB",
    "one_qb": 2087,
    "superflex": 2087
  },
  {
    "name": "Jarquez Hunter",
    "team": "LAR",
    "position": "RB",
    "one_qb": 2175,
    "superflex": 2079
  },
  {
    "name": "Khalil Mack",
    "team": "LAC",
    "position": "DL",
    "one_qb": 2076,
    "superflex": 2076
  },
  {
    "name": "Audric Estime",
    "team": "DEN",
    "position": "RB",
    "one_qb": 2642,
    "superflex": 2074
  },
  {
    "name": "Luke Musgrave",
    "team": "GBP",
    "position": "TE",
    "one_qb": 2477,
    "superflex": 2069
  },
  {
    "name": "Joshua Palmer",
    "team": "BUF",
    "position": "WR",
    "one_qb": 2461,
    "superflex": 2069
  },
  {
    "name": "Chris Jones",
    "team": "KC",
    "position": "DL",
    "one_qb": 2065,
    "superflex": 2065
  },
  {
    "name": "Dalton Schultz",
    "team": "HOU",
    "position": "TE",
    "one_qb": 2442,
    "superflex": 2059
  },
  {
    "name": "Roschon Johnson",
    "team": "CHI",
    "position": "RB",
    "one_qb": 2511,
    "superflex": 2058
  },
  {
    "name": "2027 Mid 3rd",
    "team": "",
    "position": "PI",
    "one_qb": 2301,
    "superflex": 2057
  },
  {
    "name": "2026 Late 3rd",
    "team": "",
    "position": "PI",
    "one_qb": 2309,
    "superflex": 2055
  },
  {
    "name": "Leonard Williams",
    "team": "SEA",
    "position": "DL",
    "one_qb": 2054,
    "superflex": 2054
  },
  {
    "name": "Joe Milton",
    "team": "DAL",
    "position": "QB",
    "one_qb": 2102,
    "superflex": 2054
  },
  {
    "name": "Harold Landry",
    "team": "NE",
    "position": "DL",
    "one_qb": 2043,
    "superflex": 2043
  },
  {
    "name": "Theo Johnson",
    "team": "NYG",
    "position": "TE",
    "one_qb": 2436,
    "superflex": 2040
  },
  {
    "name": "Michael Wilson",
    "team": "ARI",
    "position": "WR",
    "one_qb": 2463,
    "superflex": 2034
  },
  {
    "name": "YaYa Diaby",
    "team": "TB",
    "position": "DL",
    "one_qb": 2032,
    "superflex": 2032
  },
  {
    "name": "Odafe Oweh",
    "team": "LAC",
    "position": "DL",
    "one_qb": 2022,
    "superflex": 2022
  },
  {
    "name": "Nnamdi Madubuike",
    "team": "BAL",
    "position": "DL",
    "one_qb": 2012,
    "superflex": 2012
  },
  {
    "name": "Keaton Mitchell",
    "team": "BAL",
    "position": "RB",
    "one_qb": 2418,
    "superflex": 2004
  },
  {
    "name": "Carl Granderson",
    "team": "NO",
    "position": "DL",
    "one_qb": 2002,
    "superflex": 2002
  },
  {
    "name": "Isaac TeSlaa",
    "team": "DET",
    "position": "WR",
    "one_qb": 2240,
    "superflex": 2001
  },
  {
    "name": "Tahj Brooks",
    "team": "CIN",
    "position": "RB",
    "one_qb": 2204,
    "superflex": 1995
  },
  {
    "name": "Joey Bosa",
    "team": "BUF",
    "position": "DL",
    "one_qb": 1992,
    "superflex": 1992
  },
  {
    "name": "Dillon Gabriel",
    "team": "CLE",
    "position": "QB",
    "one_qb": 1744,
    "superflex": 1988
  },
  {
    "name": "Michael Mayer",
    "team": "LVR",
    "position": "TE",
    "one_qb": 2388,
    "superflex": 1987
  },
  {
    "name": "Jaelan Phillips",
    "team": "MIA",
    "position": "DL",
    "one_qb": 1982,
    "superflex": 1982
  },
  {
    "name": "Amari Cooper",
    "team": "BUF",
    "position": "WR",
    "one_qb": 2374,
    "superflex": 1975
  },
  {
    "name": "Zach Sieler",
    "team": "MIA",
    "position": "DL",
    "one_qb": 1973,
    "superflex": 1973
  },
  {
    "name": "Mike Gesicki",
    "team": "CIN",
    "position": "TE",
    "one_qb": 2267,
    "superflex": 1937
  },
  {
    "name": "Noah Gray",
    "team": "KCC",
    "position": "TE",
    "one_qb": 2313,
    "superflex": 1933
  },
  {
    "name": "Ja'Lynn Polk",
    "team": "NEP",
    "position": "WR",
    "one_qb": 2306,
    "superflex": 1928
  },
  {
    "name": "Jerome Ford",
    "team": "CLE",
    "position": "RB",
    "one_qb": 2262,
    "superflex": 1915
  },
  {
    "name": "Kirk Cousins",
    "team": "ATL",
    "position": "QB",
    "one_qb": 1519,
    "superflex": 1911
  },
  {
    "name": "Tory Horton",
    "team": "SEA",
    "position": "WR",
    "one_qb": 2092,
    "superflex": 1903
  },
  {
    "name": "Quinn Ewers",
    "team": "MIA",
    "position": "QB",
    "one_qb": 1801,
    "superflex": 1898
  },
  {
    "name": "Damien Martinez",
    "team": "SEA",
    "position": "RB",
    "one_qb": 2223,
    "superflex": 1885
  },
  {
    "name": "Elijah Moore",
    "team": "BUF",
    "position": "WR",
    "one_qb": 2202,
    "superflex": 1884
  },
  {
    "name": "Austin Ekeler",
    "team": "WAS",
    "position": "RB",
    "one_qb": 2145,
    "superflex": 1876
  },
  {
    "name": "Spencer Rattler",
    "team": "NOS",
    "position": "QB",
    "one_qb": 1285,
    "superflex": 1871
  },
  {
    "name": "2027 Late 3rd",
    "team": "",
    "position": "PI",
    "one_qb": 2091,
    "superflex": 1865
  },
  {
    "name": "Woody Marks",
    "team": "HOU",
    "position": "RB",
    "one_qb": 2037,
    "superflex": 1865
  },
  {
    "name": "Jordan Whittington",
    "team": "LAR",
    "position": "WR",
    "one_qb": 2213,
    "superflex": 1857
  },
  {
    "name": "Kayshon Boutte",
    "team": "NEP",
    "position": "WR",
    "one_qb": 2208,
    "superflex": 1854
  },
  {
    "name": "2025 Early 4th",
    "team": "",
    "position": "PI",
    "one_qb": 2026,
    "superflex": 1836
  },
  {
    "name": "Andrei Iosivas",
    "team": "CIN",
    "position": "WR",
    "one_qb": 2149,
    "superflex": 1831
  },
  {
    "name": "Kyle Monangai",
    "team": "CHI",
    "position": "RB",
    "one_qb": 1820,
    "superflex": 1821
  },
  {
    "name": "Luke McCaffrey",
    "team": "WAS",
    "position": "WR",
    "one_qb": 2163,
    "superflex": 1810
  },
  {
    "name": "Hunter Henry",
    "team": "NEP",
    "position": "TE",
    "one_qb": 2060,
    "superflex": 1807
  },
  {
    "name": "Xavier Restrepo",
    "team": "TEN",
    "position": "WR",
    "one_qb": 2005,
    "superflex": 1799
  },
  {
    "name": "Savion Williams",
    "team": "GBP",
    "position": "WR",
    "one_qb": 2022,
    "superflex": 1790
  },
  {
    "name": "Tai Felton",
    "team": "MIN",
    "position": "WR",
    "one_qb": 1972,
    "superflex": 1789
  },
  {
    "name": "Jaleel McLaughlin",
    "team": "DEN",
    "position": "RB",
    "one_qb": 2097,
    "superflex": 1782
  },
  {
    "name": "Keisean Nixon",
    "team": "GB",
    "position": "DB",
    "one_qb": 1769,
    "superflex": 1769
  },
  {
    "name": "Nick Chubb",
    "team": "FA",
    "position": "RB",
    "one_qb": 2130,
    "superflex": 1762
  },
  {
    "name": "2025 Mid 4th",
    "team": "",
    "position": "PI",
    "one_qb": 1933,
    "superflex": 1754
  },
  {
    "name": "Camryn Bynum",
    "team": "IND",
    "position": "DB",
    "one_qb": 1751,
    "superflex": 1751
  },
  {
    "name": "Isaiah Davis",
    "team": "NYJ",
    "position": "RB",
    "one_qb": 2027,
    "superflex": 1741
  },
  {
    "name": "Will Shipley",
    "team": "PHI",
    "position": "RB",
    "one_qb": 2017,
    "superflex": 1740
  },
  {
    "name": "Keenan Allen",
    "team": "CHI",
    "position": "WR",
    "one_qb": 2021,
    "superflex": 1737
  },
  {
    "name": "Malik Washington",
    "team": "MIA",
    "position": "WR",
    "one_qb": 2135,
    "superflex": 1735
  },
  {
    "name": "Jalen Thompson",
    "team": "ARI",
    "position": "DB",
    "one_qb": 1734,
    "superflex": 1734
  },
  {
    "name": "Tre Tucker",
    "team": "LVR",
    "position": "WR",
    "one_qb": 2072,
    "superflex": 1723
  },
  {
    "name": "Ifeatu Melifonwu",
    "team": "MIA",
    "position": "DB",
    "one_qb": 1718,
    "superflex": 1718
  },
  {
    "name": "Sean Tucker",
    "team": "TBB",
    "position": "RB",
    "one_qb": 2090,
    "superflex": 1718
  },
  {
    "name": "2026 Early 4th",
    "team": "",
    "position": "PI",
    "one_qb": 1908,
    "superflex": 1713
  },
  {
    "name": "Cooper DeJean",
    "team": "PHI",
    "position": "DB",
    "one_qb": 1703,
    "superflex": 1703
  },
  {
    "name": "Dawson Knox",
    "team": "BUF",
    "position": "TE",
    "one_qb": 1771,
    "superflex": 1697
  },
  {
    "name": "Trent McDuffie",
    "team": "KC",
    "position": "DB",
    "one_qb": 1689,
    "superflex": 1689
  },
  {
    "name": "Zach Ertz",
    "team": "WAS",
    "position": "TE",
    "one_qb": 1937,
    "superflex": 1684
  },
  {
    "name": "Juwan Johnson",
    "team": "NOS",
    "position": "TE",
    "one_qb": 1924,
    "superflex": 1678
  },
  {
    "name": "Kenny Moore",
    "team": "IND",
    "position": "DB",
    "one_qb": 1675,
    "superflex": 1675
  },
  {
    "name": "Parker Washington",
    "team": "JAC",
    "position": "WR",
    "one_qb": 2004,
    "superflex": 1675
  },
  {
    "name": "Mike Sainristill",
    "team": "WFT",
    "position": "DB",
    "one_qb": 1662,
    "superflex": 1662
  },
  {
    "name": "Gunnar Helm",
    "team": "TEN",
    "position": "TE",
    "one_qb": 1769,
    "superflex": 1660
  },
  {
    "name": "Jalin Hyatt",
    "team": "NYG",
    "position": "WR",
    "one_qb": 1877,
    "superflex": 1656
  },
  {
    "name": "Jameis Winston",
    "team": "NYG",
    "position": "QB",
    "one_qb": 1445,
    "superflex": 1652
  },
  {
    "name": "Justin Reid",
    "team": "NO",
    "position": "DB",
    "one_qb": 1649,
    "superflex": 1649
  },
  {
    "name": "Dyami Brown",
    "team": "JAC",
    "position": "WR",
    "one_qb": 1972,
    "superflex": 1642
  },
  {
    "name": "Alontae Taylor",
    "team": "NO",
    "position": "DB",
    "one_qb": 1638,
    "superflex": 1638
  },
  {
    "name": "Adam Thielen",
    "team": "CAR",
    "position": "WR",
    "one_qb": 1799,
    "superflex": 1636
  },
  {
    "name": "Kareem Hunt",
    "team": "KCC",
    "position": "RB",
    "one_qb": 1845,
    "superflex": 1631
  },
  {
    "name": "Zack Moss",
    "team": "CIN",
    "position": "RB",
    "one_qb": 1836,
    "superflex": 1628
  },
  {
    "name": "Jordan Battle",
    "team": "CIN",
    "position": "DB",
    "one_qb": 1626,
    "superflex": 1626
  },
  {
    "name": "Tez Johnson",
    "team": "TBB",
    "position": "WR",
    "one_qb": 1821,
    "superflex": 1626
  },
  {
    "name": "Tutu Atwell",
    "team": "LAR",
    "position": "WR",
    "one_qb": 1919,
    "superflex": 1621
  },
  {
    "name": "DeShon Elliot",
    "team": "PIT",
    "position": "DB",
    "one_qb": 1616,
    "superflex": 1616
  },
  {
    "name": "Darius Slayton",
    "team": "NYG",
    "position": "WR",
    "one_qb": 1801,
    "superflex": 1611
  },
  {
    "name": "Jermaine Burton",
    "team": "CIN",
    "position": "WR",
    "one_qb": 1873,
    "superflex": 1610
  },
  {
    "name": "Noah Fant",
    "team": "SEA",
    "position": "TE",
    "one_qb": 1769,
    "superflex": 1610
  },
  {
    "name": "Jalen Tolbert",
    "team": "DAL",
    "position": "WR",
    "one_qb": 1885,
    "superflex": 1607
  },
  {
    "name": "Amani Hooker",
    "team": "TEN",
    "position": "DB",
    "one_qb": 1605,
    "superflex": 1605
  },
  {
    "name": "Tre'von Moehrig",
    "team": "CAR",
    "position": "DB",
    "one_qb": 1596,
    "superflex": 1596
  },
  {
    "name": "Brashard Smith",
    "team": "KCC",
    "position": "RB",
    "one_qb": 1617,
    "superflex": 1595
  },
  {
    "name": "2026 Mid 4th",
    "team": "",
    "position": "PI",
    "one_qb": 1721,
    "superflex": 1594
  },
  {
    "name": "Kevin Byard",
    "team": "CHI",
    "position": "DB",
    "one_qb": 1587,
    "superflex": 1587
  },
  {
    "name": "Devaughn Vele",
    "team": "DEN",
    "position": "WR",
    "one_qb": 1828,
    "superflex": 1585
  },
  {
    "name": "Sam Howell",
    "team": "MIN",
    "position": "QB",
    "one_qb": 1175,
    "superflex": 1584
  },
  {
    "name": "Grant Delpit",
    "team": "CLE",
    "position": "DB",
    "one_qb": 1578,
    "superflex": 1578
  },
  {
    "name": "2025 Late 4th",
    "team": "",
    "position": "PI",
    "one_qb": 1772,
    "superflex": 1577
  },
  {
    "name": "DeAndre Hopkins",
    "team": "BAL",
    "position": "WR",
    "one_qb": 1827,
    "superflex": 1576
  },
  {
    "name": "Luke Schoonmaker",
    "team": "DAL",
    "position": "TE",
    "one_qb": 1780,
    "superflex": 1576
  },
  {
    "name": "Jaylin Lane",
    "team": "WAS",
    "position": "WR",
    "one_qb": 1750,
    "superflex": 1575
  },
  {
    "name": "Jordan Whitehead",
    "team": "TB",
    "position": "DB",
    "one_qb": 1569,
    "superflex": 1569
  },
  {
    "name": "Brandon Jones",
    "team": "DEN",
    "position": "DB",
    "one_qb": 1562,
    "superflex": 1562
  },
  {
    "name": "Javon Baker",
    "team": "NEP",
    "position": "WR",
    "one_qb": 1870,
    "superflex": 1555
  },
  {
    "name": "2027 Early 4th",
    "team": "",
    "position": "PI",
    "one_qb": 1727,
    "superflex": 1555
  },
  {
    "name": "Jordan Fuller",
    "team": "CAR",
    "position": "DB",
    "one_qb": 1554,
    "superflex": 1554
  },
  {
    "name": "Richie Grant",
    "team": "SF",
    "position": "DB",
    "one_qb": 1547,
    "superflex": 1547
  },
  {
    "name": "Elijah Mitchell",
    "team": "KCC",
    "position": "RB",
    "one_qb": 1792,
    "superflex": 1547
  },
  {
    "name": "L'Jarius Sneed",
    "team": "TEN",
    "position": "DB",
    "one_qb": 1540,
    "superflex": 1540
  },
  {
    "name": "Nate Hobbs",
    "team": "GB",
    "position": "DB",
    "one_qb": 1534,
    "superflex": 1534
  },
  {
    "name": "Chimere Dike",
    "team": "TEN",
    "position": "WR",
    "one_qb": 1560,
    "superflex": 1533
  },
  {
    "name": "Calvin Austin III",
    "team": "PIT",
    "position": "WR",
    "one_qb": 1661,
    "superflex": 1530
  },
  {
    "name": "Charvarius Ward",
    "team": "IND",
    "position": "DB",
    "one_qb": 1527,
    "superflex": 1527
  },
  {
    "name": "Jalen Nailor",
    "team": "MIN",
    "position": "WR",
    "one_qb": 1785,
    "superflex": 1525
  },
  {
    "name": "Cade Stover",
    "team": "HOU",
    "position": "TE",
    "one_qb": 1760,
    "superflex": 1522
  },
  {
    "name": "Malachi Corley",
    "team": "NYJ",
    "position": "WR",
    "one_qb": 1870,
    "superflex": 1486
  },
  {
    "name": "Aaron Rodgers",
    "team": "NYJ",
    "position": "QB",
    "one_qb": 1128,
    "superflex": 1484
  },
  {
    "name": "Oronde Gadsden",
    "team": "LAC",
    "position": "TE",
    "one_qb": 1469,
    "superflex": 1481
  },
  {
    "name": "P.J. Locke",
    "team": "DEN",
    "position": "DB",
    "one_qb": 1467,
    "superflex": 1467
  },
  {
    "name": "Jahan Dotson",
    "team": "PHI",
    "position": "WR",
    "one_qb": 1675,
    "superflex": 1464
  },
  {
    "name": "Erick All",
    "team": "CIN",
    "position": "TE",
    "one_qb": 1829,
    "superflex": 1459
  },
  {
    "name": "Kenny Pickett",
    "team": "CLE",
    "position": "QB",
    "one_qb": 791,
    "superflex": 1459
  },
  {
    "name": "Curtis Samuel",
    "team": "BUF",
    "position": "WR",
    "one_qb": 1683,
    "superflex": 1423
  },
  {
    "name": "Tyler Lockett",
    "team": "TEN",
    "position": "WR",
    "one_qb": 1534,
    "superflex": 1423
  },
  {
    "name": "Gabriel Davis",
    "team": "FA",
    "position": "WR",
    "one_qb": 1595,
    "superflex": 1419
  },
  {
    "name": "2027 Mid 4th",
    "team": "",
    "position": "PI",
    "one_qb": 1510,
    "superflex": 1416
  },
  {
    "name": "Malik Willis",
    "team": "GBP",
    "position": "QB",
    "one_qb": 1166,
    "superflex": 1410
  },
  {
    "name": "Will Levis",
    "team": "TEN",
    "position": "QB",
    "one_qb": 1338,
    "superflex": 1408
  },
  {
    "name": "Justice Hill",
    "team": "BAL",
    "position": "RB",
    "one_qb": 1617,
    "superflex": 1404
  },
  {
    "name": "2026 Late 4th",
    "team": "",
    "position": "PI",
    "one_qb": 1484,
    "superflex": 1403
  },
  {
    "name": "Kimani Vidal",
    "team": "LAC",
    "position": "RB",
    "one_qb": 1775,
    "superflex": 1393
  },
  {
    "name": "Mason Rudolph",
    "team": "PIT",
    "position": "QB",
    "one_qb": 406,
    "superflex": 1380
  },
  {
    "name": "Diontae Johnson",
    "team": "CLE",
    "position": "WR",
    "one_qb": 1588,
    "superflex": 1368
  },
  {
    "name": "Devin Singletary",
    "team": "NYG",
    "position": "RB",
    "one_qb": 1618,
    "superflex": 1367
  },
  {
    "name": "Dameon Pierce",
    "team": "HOU",
    "position": "RB",
    "one_qb": 1614,
    "superflex": 1351
  },
  {
    "name": "Rondale Moore",
    "team": "MIN",
    "position": "WR",
    "one_qb": 1594,
    "superflex": 1337
  },
  {
    "name": "Logan Wilson",
    "team": "DAL",
    "position": "LB",
    "one_qb": 1336,
    "superflex": 1336
  },
  {
    "name": "Mac Jones",
    "team": "SFO",
    "position": "QB",
    "one_qb": 895,
    "superflex": 1333
  },
  {
    "name": "Jaylon Carlies",
    "team": "IND",
    "position": "LB",
    "one_qb": 1324,
    "superflex": 1324
  },
  {
    "name": "Nick Westbrook-Ikhine",
    "team": "MIA",
    "position": "WR",
    "one_qb": 1525,
    "superflex": 1317
  },
  {
    "name": "Germaine Pratt",
    "team": "IND",
    "position": "LB",
    "one_qb": 1311,
    "superflex": 1311
  },
  {
    "name": "Trey Palmer",
    "team": "TBB",
    "position": "WR",
    "one_qb": 1520,
    "superflex": 1308
  },
  {
    "name": "Joe Flacco",
    "team": "CLE",
    "position": "QB",
    "one_qb": 935,
    "superflex": 1308
  },
  {
    "name": "Jonathan Mingo",
    "team": "DAL",
    "position": "WR",
    "one_qb": 1574,
    "superflex": 1306
  },
  {
    "name": "AJ Barner",
    "team": "SEA",
    "position": "TE",
    "one_qb": 1609,
    "superflex": 1301
  },
  {
    "name": "Nakobe Dean",
    "team": "PHI",
    "position": "LB",
    "one_qb": 1299,
    "superflex": 1299
  },
  {
    "name": "John Metchie",
    "team": "HOU",
    "position": "WR",
    "one_qb": 1616,
    "superflex": 1299
  },
  {
    "name": "Ty Johnson",
    "team": "BUF",
    "position": "RB",
    "one_qb": 1468,
    "superflex": 1296
  },
  {
    "name": "Kenneth Gainwell",
    "team": "PIT",
    "position": "RB",
    "one_qb": 1490,
    "superflex": 1294
  },
  {
    "name": "Antonio Gibson",
    "team": "NEP",
    "position": "RB",
    "one_qb": 1535,
    "superflex": 1290
  },
  {
    "name": "Jack Sanborn",
    "team": "DAL",
    "position": "LB",
    "one_qb": 1287,
    "superflex": 1287
  },
  {
    "name": "Ed Oliver",
    "team": "BUF",
    "position": "DL",
    "one_qb": 1284,
    "superflex": 1284
  },
  {
    "name": "Nolan Smith",
    "team": "PHI",
    "position": "DL",
    "one_qb": 1278,
    "superflex": 1278
  },
  {
    "name": "Darnell Washington",
    "team": "PIT",
    "position": "TE",
    "one_qb": 1428,
    "superflex": 1278
  },
  {
    "name": "Matt Milano",
    "team": "BUF",
    "position": "LB",
    "one_qb": 1275,
    "superflex": 1275
  },
  {
    "name": "Jacob Cowing",
    "team": "SFO",
    "position": "WR",
    "one_qb": 1501,
    "superflex": 1275
  },
  {
    "name": "Braden Fiske",
    "team": "LAR",
    "position": "DL",
    "one_qb": 1272,
    "superflex": 1272
  },
  {
    "name": "Tyler Conklin",
    "team": "LAC",
    "position": "TE",
    "one_qb": 1377,
    "superflex": 1269
  },
  {
    "name": "Byron Murphy II",
    "team": "SEA",
    "position": "DL",
    "one_qb": 1267,
    "superflex": 1267
  },
  {
    "name": "Emanuel Wilson",
    "team": "GBP",
    "position": "RB",
    "one_qb": 1428,
    "superflex": 1265
  },
  {
    "name": "Nick Martin",
    "team": "SF",
    "position": "LB",
    "one_qb": 1264,
    "superflex": 1264
  },
  {
    "name": "Josh Sweat",
    "team": "ARI",
    "position": "DL",
    "one_qb": 1262,
    "superflex": 1262
  },
  {
    "name": "Tahj Washington",
    "team": "MIA",
    "position": "WR",
    "one_qb": 1423,
    "superflex": 1258
  },
  {
    "name": "Devontez Walker",
    "team": "BAL",
    "position": "WR",
    "one_qb": 1505,
    "superflex": 1254
  },
  {
    "name": "Lavonte David",
    "team": "TB",
    "position": "LB",
    "one_qb": 1252,
    "superflex": 1252
  },
  {
    "name": "Khalil Herbert",
    "team": "IND",
    "position": "RB",
    "one_qb": 1380,
    "superflex": 1246
  },
  {
    "name": "Treylon Burks",
    "team": "TEN",
    "position": "WR",
    "one_qb": 1440,
    "superflex": 1243
  },
  {
    "name": "Bobby Wagner",
    "team": "WFT",
    "position": "LB",
    "one_qb": 1241,
    "superflex": 1241
  },
  {
    "name": "Jacory Croskey-Merritt",
    "team": "WAS",
    "position": "RB",
    "one_qb": 1268,
    "superflex": 1231
  },
  {
    "name": "Trenton Simpson",
    "team": "BAL",
    "position": "LB",
    "one_qb": 1230,
    "superflex": 1230
  },
  {
    "name": "Greg Dortch",
    "team": "ARI",
    "position": "WR",
    "one_qb": 1389,
    "superflex": 1227
  },
  {
    "name": "Marist Liufau",
    "team": "DAL",
    "position": "LB",
    "one_qb": 1220,
    "superflex": 1220
  },
  {
    "name": "Miles Sanders",
    "team": "DAL",
    "position": "RB",
    "one_qb": 1346,
    "superflex": 1214
  },
  {
    "name": "Mike Williams",
    "team": "LAC",
    "position": "WR",
    "one_qb": 1430,
    "superflex": 1211
  },
  {
    "name": "Xavier Hutchinson",
    "team": "HOU",
    "position": "WR",
    "one_qb": 1516,
    "superflex": 1202
  },
  {
    "name": "Taysom Hill",
    "team": "NOS",
    "position": "TE",
    "one_qb": 1243,
    "superflex": 1201
  },
  {
    "name": "Tyler Higbee",
    "team": "LAR",
    "position": "TE",
    "one_qb": 1262,
    "superflex": 1191
  },
  {
    "name": "Daniel Bellinger",
    "team": "NYG",
    "position": "TE",
    "one_qb": 1318,
    "superflex": 1187
  },
  {
    "name": "Bub Means",
    "team": "NOS",
    "position": "WR",
    "one_qb": 1338,
    "superflex": 1181
  },
  {
    "name": "Zach Wilson",
    "team": "MIA",
    "position": "QB",
    "one_qb": 684,
    "superflex": 1179
  },
  {
    "name": "Ji'Ayir Brown",
    "team": "SF",
    "position": "DB",
    "one_qb": 1177,
    "superflex": 1177
  },
  {
    "name": "2027 Late 4th",
    "team": "",
    "position": "PI",
    "one_qb": 1302,
    "superflex": 1171
  },
  {
    "name": "Alohi Gilman",
    "team": "BAL",
    "position": "DB",
    "one_qb": 1164,
    "superflex": 1164
  },
  {
    "name": "Will Dissly",
    "team": "LAC",
    "position": "TE",
    "one_qb": 1299,
    "superflex": 1155
  },
  {
    "name": "Julian Blackmon",
    "team": "IND",
    "position": "DB",
    "one_qb": 1151,
    "superflex": 1151
  },
  {
    "name": "Cam Akers",
    "team": "MIN",
    "position": "RB",
    "one_qb": 1332,
    "superflex": 1147
  },
  {
    "name": "Kendrick Bourne",
    "team": "NEP",
    "position": "WR",
    "one_qb": 1272,
    "superflex": 1147
  },
  {
    "name": "Jason Pinnock",
    "team": "NYG",
    "position": "DB",
    "one_qb": 1138,
    "superflex": 1138
  },
  {
    "name": "Ray-Ray McCloud",
    "team": "ATL",
    "position": "WR",
    "one_qb": 1278,
    "superflex": 1131
  },
  {
    "name": "Taron Johnson",
    "team": "BUF",
    "position": "DB",
    "one_qb": 1127,
    "superflex": 1127
  },
  {
    "name": "Alexander Mattison",
    "team": "MIA",
    "position": "RB",
    "one_qb": 1323,
    "superflex": 1125
  },
  {
    "name": "Brenden Rice",
    "team": "LAC",
    "position": "WR",
    "one_qb": 1267,
    "superflex": 1123
  },
  {
    "name": "Colby Parkinson",
    "team": "LAR",
    "position": "TE",
    "one_qb": 1404,
    "superflex": 1119
  },
  {
    "name": "Tommy Tremble",
    "team": "CAR",
    "position": "TE",
    "one_qb": 1262,
    "superflex": 1119
  },
  {
    "name": "Isaiah Simmons",
    "team": "GB",
    "position": "DB",
    "one_qb": 1115,
    "superflex": 1115
  },
  {
    "name": "Riley Leonard",
    "team": "IND",
    "position": "QB",
    "one_qb": 968,
    "superflex": 1114
  },
  {
    "name": "Israel Abanikanda",
    "team": "SFO",
    "position": "RB",
    "one_qb": 1311,
    "superflex": 1112
  },
  {
    "name": "Brevin Jordan",
    "team": "HOU",
    "position": "TE",
    "one_qb": 1305,
    "superflex": 1108
  },
  {
    "name": "Jalen Ramsey",
    "team": "PIT",
    "position": "DB",
    "one_qb": 1105,
    "superflex": 1105
  },
  {
    "name": "Noah Brown",
    "team": "WAS",
    "position": "WR",
    "one_qb": 1254,
    "superflex": 1100
  },
  {
    "name": "Aidan O'Connell",
    "team": "LVR",
    "position": "QB",
    "one_qb": 874,
    "superflex": 1099
  },
  {
    "name": "Drew Lock",
    "team": "SEA",
    "position": "QB",
    "one_qb": 731,
    "superflex": 1095
  },
  {
    "name": "Jared Wiley",
    "team": "KCC",
    "position": "TE",
    "one_qb": 1221,
    "superflex": 1094
  },
  {
    "name": "Byron Young",
    "team": "LAR",
    "position": "DL",
    "one_qb": 1088,
    "superflex": 1088
  },
  {
    "name": "D.J. Wonnum",
    "team": "CAR",
    "position": "DL",
    "one_qb": 1084,
    "superflex": 1084
  },
  {
    "name": "Kwity Paye",
    "team": "IND",
    "position": "DL",
    "one_qb": 1080,
    "superflex": 1080
  },
  {
    "name": "Haason Reddick",
    "team": "TB",
    "position": "DL",
    "one_qb": 1077,
    "superflex": 1077
  },
  {
    "name": "Zamir White",
    "team": "LVR",
    "position": "RB",
    "one_qb": 1238,
    "superflex": 1075
  },
  {
    "name": "AJ Dillon",
    "team": "PHI",
    "position": "RB",
    "one_qb": 1200,
    "superflex": 1075
  },
  {
    "name": "DeForest Buckner",
    "team": "IND",
    "position": "DL",
    "one_qb": 1073,
    "superflex": 1073
  },
  {
    "name": "Sincere McCormick",
    "team": "LVR",
    "position": "RB",
    "one_qb": 1276,
    "superflex": 1072
  },
  {
    "name": "Jermaine Johnson",
    "team": "NYJ",
    "position": "DL",
    "one_qb": 1069,
    "superflex": 1069
  },
  {
    "name": "Greg Dulcich",
    "team": "NYG",
    "position": "TE",
    "one_qb": 1162,
    "superflex": 1068
  },
  {
    "name": "Bradley Chubb",
    "team": "MIA",
    "position": "DL",
    "one_qb": 1066,
    "superflex": 1066
  },
  {
    "name": "Jonathan Allen",
    "team": "MIN",
    "position": "DL",
    "one_qb": 1062,
    "superflex": 1062
  },
  {
    "name": "Jake Bobo",
    "team": "SEA",
    "position": "WR",
    "one_qb": 1276,
    "superflex": 1061
  },
  {
    "name": "Christian Barmore",
    "team": "NE",
    "position": "DL",
    "one_qb": 1059,
    "superflex": 1059
  },
  {
    "name": "Kamren Kinchens",
    "team": "LAR",
    "position": "DB",
    "one_qb": 1059,
    "superflex": 1059
  },
  {
    "name": "Vita Vea",
    "team": "TB",
    "position": "DL",
    "one_qb": 1056,
    "superflex": 1056
  },
  {
    "name": "DeMarvion Overshown",
    "team": "DAL",
    "position": "LB",
    "one_qb": 1055,
    "superflex": 1055
  },
  {
    "name": "Grant Calcaterra",
    "team": "PHI",
    "position": "TE",
    "one_qb": 1156,
    "superflex": 1055
  },
  {
    "name": "E.J. Speed",
    "team": "HOU",
    "position": "LB",
    "one_qb": 1053,
    "superflex": 1053
  },
  {
    "name": "Boye Mafe",
    "team": "SEA",
    "position": "DL",
    "one_qb": 1053,
    "superflex": 1053
  },
  {
    "name": "Elijah Higgins",
    "team": "ARI",
    "position": "TE",
    "one_qb": 1183,
    "superflex": 1053
  },
  {
    "name": "Kyle McCord",
    "team": "PHI",
    "position": "QB",
    "one_qb": 215,
    "superflex": 1053
  },
  {
    "name": "Omar Speights",
    "team": "LAR",
    "position": "LB",
    "one_qb": 1051,
    "superflex": 1051
  },
  {
    "name": "Von Bell",
    "team": "CIN",
    "position": "DB",
    "one_qb": 1051,
    "superflex": 1051
  },
  {
    "name": "Kobie Turner",
    "team": "LAR",
    "position": "DL",
    "one_qb": 1050,
    "superflex": 1050
  },
  {
    "name": "Akeem Davis Gaither",
    "team": "ARI",
    "position": "LB",
    "one_qb": 1049,
    "superflex": 1049
  },
  {
    "name": "Divine Deablo",
    "team": "ATL",
    "position": "LB",
    "one_qb": 1047,
    "superflex": 1047
  },
  {
    "name": "Johnny Newton",
    "team": "WFT",
    "position": "DL",
    "one_qb": 1047,
    "superflex": 1047
  },
  {
    "name": "Troy Andersen",
    "team": "ATL",
    "position": "LB",
    "one_qb": 1045,
    "superflex": 1045
  },
  {
    "name": "Myles Murphy",
    "team": "CIN",
    "position": "DL",
    "one_qb": 1044,
    "superflex": 1044
  },
  {
    "name": "Demario Davis",
    "team": "NO",
    "position": "LB",
    "one_qb": 1043,
    "superflex": 1043
  },
  {
    "name": "Elandon Roberts",
    "team": "LV",
    "position": "LB",
    "one_qb": 1042,
    "superflex": 1042
  },
  {
    "name": "Lukas Van Ness",
    "team": "GB",
    "position": "DL",
    "one_qb": 1041,
    "superflex": 1041
  },
  {
    "name": "Henry To'oTo'o",
    "team": "HOU",
    "position": "LB",
    "one_qb": 1040,
    "superflex": 1040
  },
  {
    "name": "Isaiah Bond",
    "team": "FA",
    "position": "WR",
    "one_qb": 1290,
    "superflex": 1040
  },
  {
    "name": "Jahlani Tavai",
    "team": "NE",
    "position": "LB",
    "one_qb": 1038,
    "superflex": 1038
  },
  {
    "name": "Zaven Collins",
    "team": "ARI",
    "position": "DL",
    "one_qb": 1038,
    "superflex": 1038
  },
  {
    "name": "Chris Rodriguez",
    "team": "WAS",
    "position": "RB",
    "one_qb": 1187,
    "superflex": 1038
  },
  {
    "name": "Troy Reeder",
    "team": "LAR",
    "position": "LB",
    "one_qb": 1036,
    "superflex": 1036
  },
  {
    "name": "Dorance Armstrong",
    "team": "WFT",
    "position": "DL",
    "one_qb": 1036,
    "superflex": 1036
  },
  {
    "name": "Kyzir White",
    "team": "FA",
    "position": "LB",
    "one_qb": 1035,
    "superflex": 1035
  },
  {
    "name": "Christian Harris",
    "team": "HOU",
    "position": "LB",
    "one_qb": 1033,
    "superflex": 1033
  },
  {
    "name": "Baron Browning",
    "team": "ARI",
    "position": "DL",
    "one_qb": 1033,
    "superflex": 1033
  },
  {
    "name": "Eric Kendricks",
    "team": "FA",
    "position": "LB",
    "one_qb": 1031,
    "superflex": 1031
  },
  {
    "name": "Uchenna Nwosu",
    "team": "SEA",
    "position": "DL",
    "one_qb": 1031,
    "superflex": 1031
  },
  {
    "name": "Jerome Baker",
    "team": "CLE",
    "position": "LB",
    "one_qb": 1030,
    "superflex": 1030
  },
  {
    "name": "Isaiah McDuffie",
    "team": "GB",
    "position": "LB",
    "one_qb": 1028,
    "superflex": 1028
  },
  {
    "name": "Matthew Judon",
    "team": "ATL",
    "position": "DL",
    "one_qb": 1028,
    "superflex": 1028
  },
  {
    "name": "Jack Gibbens",
    "team": "NE",
    "position": "LB",
    "one_qb": 1027,
    "superflex": 1027
  },
  {
    "name": "Tyree Wilson",
    "team": "LV",
    "position": "DL",
    "one_qb": 1026,
    "superflex": 1026
  },
  {
    "name": "Deuce Vaughn",
    "team": "DAL",
    "position": "RB",
    "one_qb": 1117,
    "superflex": 1026
  },
  {
    "name": "Bo Melton",
    "team": "GBP",
    "position": "WR",
    "one_qb": 1088,
    "superflex": 1026
  },
  {
    "name": "Drue Tranquill",
    "team": "KC",
    "position": "LB",
    "one_qb": 1025,
    "superflex": 1025
  },
  {
    "name": "Leo Chenal",
    "team": "KC",
    "position": "LB",
    "one_qb": 1024,
    "superflex": 1024
  },
  {
    "name": "Daron Payne",
    "team": "WFT",
    "position": "DL",
    "one_qb": 1024,
    "superflex": 1024
  },
  {
    "name": "Tyrique Stevenson",
    "team": "CHI",
    "position": "DB",
    "one_qb": 1023,
    "superflex": 1023
  },
  {
    "name": "Tommy Eichenberg",
    "team": "LV",
    "position": "LB",
    "one_qb": 1022,
    "superflex": 1022
  },
  {
    "name": "Bryce Huff",
    "team": "PHI",
    "position": "DL",
    "one_qb": 1022,
    "superflex": 1022
  },
  {
    "name": "C.J. Mosley",
    "team": "FA",
    "position": "LB",
    "one_qb": 1021,
    "superflex": 1021
  },
  {
    "name": "Ja'Whaun Bentley",
    "team": "FA",
    "position": "LB",
    "one_qb": 1019,
    "superflex": 1019
  },
  {
    "name": "Malcolm Koonce",
    "team": "LV",
    "position": "DL",
    "one_qb": 1019,
    "superflex": 1019
  },
  {
    "name": "David Long Jr.",
    "team": "MIA",
    "position": "LB",
    "one_qb": 1018,
    "superflex": 1018
  },
  {
    "name": "K.J. Britt",
    "team": "MIA",
    "position": "LB",
    "one_qb": 1017,
    "superflex": 1017
  },
  {
    "name": "BJ Ojulari",
    "team": "ARI",
    "position": "DL",
    "one_qb": 1017,
    "superflex": 1017
  },
  {
    "name": "Paulson Adebo",
    "team": "NYG",
    "position": "DB",
    "one_qb": 1017,
    "superflex": 1017
  },
  {
    "name": "Rasheen Ali",
    "team": "BAL",
    "position": "RB",
    "one_qb": 1173,
    "superflex": 1017
  },
  {
    "name": "Willie Gay",
    "team": "MIA",
    "position": "LB",
    "one_qb": 1015,
    "superflex": 1015
  },
  {
    "name": "Azeez Ojulari",
    "team": "NYG",
    "position": "DL",
    "one_qb": 1015,
    "superflex": 1015
  },
  {
    "name": "Jeremiah Trotter Jr.",
    "team": "PHI",
    "position": "LB",
    "one_qb": 1014,
    "superflex": 1014
  },
  {
    "name": "Damone Clark",
    "team": "DAL",
    "position": "LB",
    "one_qb": 1013,
    "superflex": 1013
  },
  {
    "name": "Michael Hoecht",
    "team": "BUF",
    "position": "DL",
    "one_qb": 1013,
    "superflex": 1013
  },
  {
    "name": "Brandin Cooks",
    "team": "NOS",
    "position": "WR",
    "one_qb": 1177,
    "superflex": 1013
  },
  {
    "name": "Hendon Hooker",
    "team": "DET",
    "position": "QB",
    "one_qb": 657,
    "superflex": 1013
  },
  {
    "name": "Samson Ebukam",
    "team": "IND",
    "position": "DL",
    "one_qb": 1012,
    "superflex": 1012
  },
  {
    "name": "Denzel Perryman",
    "team": "LAC",
    "position": "LB",
    "one_qb": 1011,
    "superflex": 1011
  },
  {
    "name": "Dax Hill",
    "team": "CIN",
    "position": "DB",
    "one_qb": 1011,
    "superflex": 1011
  },
  {
    "name": "Cole Holcomb",
    "team": "PIT",
    "position": "LB",
    "one_qb": 1010,
    "superflex": 1010
  },
  {
    "name": "Christian Wilkins",
    "team": "LV",
    "position": "DL",
    "one_qb": 1010,
    "superflex": 1010
  },
  {
    "name": "Shaq Thompson",
    "team": "FA",
    "position": "LB",
    "one_qb": 1009,
    "superflex": 1009
  },
  {
    "name": "Dorian Williams",
    "team": "BUF",
    "position": "LB",
    "one_qb": 1008,
    "superflex": 1008
  },
  {
    "name": "Felix Anudike-Uzomah",
    "team": "KC",
    "position": "DL",
    "one_qb": 1008,
    "superflex": 1008
  },
  {
    "name": "Sirvocea Dennis",
    "team": "TB",
    "position": "LB",
    "one_qb": 1007,
    "superflex": 1007
  },
  {
    "name": "KaVontae Turpin",
    "team": "DAL",
    "position": "WR",
    "one_qb": 1109,
    "superflex": 1007
  },
  {
    "name": "Jordan Magee",
    "team": "WFT",
    "position": "LB",
    "one_qb": 1006,
    "superflex": 1006
  },
  {
    "name": "Josh Uche",
    "team": "NE",
    "position": "DL",
    "one_qb": 1006,
    "superflex": 1006
  },
  {
    "name": "A.J. Epenesa",
    "team": "BUF",
    "position": "DL",
    "one_qb": 1005,
    "superflex": 1005
  },
  {
    "name": "Drew Sanders",
    "team": "DEN",
    "position": "LB",
    "one_qb": 1004,
    "superflex": 1004
  },
  {
    "name": "Jeremiah Owusu-Koramoah",
    "team": "CLE",
    "position": "LB",
    "one_qb": 1003,
    "superflex": 1003
  },
  {
    "name": "Arnold Ebiketie",
    "team": "ATL",
    "position": "DL",
    "one_qb": 1003,
    "superflex": 1003
  },
  {
    "name": "Nicholas Morrow",
    "team": "FA",
    "position": "LB",
    "one_qb": 1002,
    "superflex": 1002
  },
  {
    "name": "Marlon Humphrey",
    "team": "BAL",
    "position": "DB",
    "one_qb": 1002,
    "superflex": 1002
  },
  {
    "name": "Anthony Walker",
    "team": "TB",
    "position": "LB",
    "one_qb": 1001,
    "superflex": 1001
  },
  {
    "name": "Jadeveon Clowney",
    "team": "DAL",
    "position": "DL",
    "one_qb": 1001,
    "superflex": 1001
  },
  {
    "name": "Mykal Walker",
    "team": "ARI",
    "position": "LB",
    "one_qb": 1000,
    "superflex": 1000
  },
  {
    "name": "Chase Young",
    "team": "NO",
    "position": "DL",
    "one_qb": 1000,
    "superflex": 1000
  },
  {
    "name": "Krys Barnes",
    "team": "ARI",
    "position": "LB",
    "one_qb": 999,
    "superflex": 999
  },
  {
    "name": "Josey Jewell",
    "team": "FA",
    "position": "LB",
    "one_qb": 998,
    "superflex": 998
  },
  {
    "name": "Sam Williams",
    "team": "DAL",
    "position": "DL",
    "one_qb": 998,
    "superflex": 998
  },
  {
    "name": "Jamin Davis",
    "team": "NYJ",
    "position": "LB",
    "one_qb": 997,
    "superflex": 997
  },
  {
    "name": "Marcus Davenport",
    "team": "DET",
    "position": "DL",
    "one_qb": 997,
    "superflex": 997
  },
  {
    "name": "Taylor Rapp",
    "team": "BUF",
    "position": "DB",
    "one_qb": 997,
    "superflex": 997
  },
  {
    "name": "De'Vondre Campbell",
    "team": "FA",
    "position": "LB",
    "one_qb": 996,
    "superflex": 996
  },
  {
    "name": "JD Bertrand",
    "team": "ATL",
    "position": "LB",
    "one_qb": 996,
    "superflex": 996
  },
  {
    "name": "Bryan Bresee",
    "team": "NO",
    "position": "DL",
    "one_qb": 996,
    "superflex": 996
  },
  {
    "name": "Deion Jones",
    "team": "FA",
    "position": "LB",
    "one_qb": 995,
    "superflex": 995
  },
  {
    "name": "Shaquille Leonard",
    "team": "FA",
    "position": "LB",
    "one_qb": 994,
    "superflex": 994
  },
  {
    "name": "Drake Jackson",
    "team": "SF",
    "position": "DL",
    "one_qb": 994,
    "superflex": 994
  },
  {
    "name": "Zach Cunningham",
    "team": "FA",
    "position": "LB",
    "one_qb": 993,
    "superflex": 993
  },
  {
    "name": "Arik Armstead",
    "team": "JAX",
    "position": "DL",
    "one_qb": 993,
    "superflex": 993
  },
  {
    "name": "Cameron Jordan",
    "team": "NO",
    "position": "DL",
    "one_qb": 992,
    "superflex": 992
  },
  {
    "name": "Talanoa Hufanga",
    "team": "DEN",
    "position": "DB",
    "one_qb": 992,
    "superflex": 992
  },
  {
    "name": "Gardner Minshew",
    "team": "KCC",
    "position": "QB",
    "one_qb": 612,
    "superflex": 992
  },
  {
    "name": "Demarcus Lawrence",
    "team": "DAL",
    "position": "DL",
    "one_qb": 990,
    "superflex": 990
  },
  {
    "name": "JuJu Smith-Schuster",
    "team": "KCC",
    "position": "WR",
    "one_qb": 1164,
    "superflex": 990
  },
  {
    "name": "Javon Hargrave",
    "team": "SF",
    "position": "DL",
    "one_qb": 989,
    "superflex": 989
  },
  {
    "name": "Preston Smith",
    "team": "GB",
    "position": "DL",
    "one_qb": 988,
    "superflex": 988
  },
  {
    "name": "Cameron Heyward",
    "team": "PIT",
    "position": "DL",
    "one_qb": 987,
    "superflex": 987
  },
  {
    "name": "Mike Hilton",
    "team": "CIN",
    "position": "DB",
    "one_qb": 987,
    "superflex": 987
  },
  {
    "name": "Shaquil Barrett",
    "team": "TB",
    "position": "DL",
    "one_qb": 986,
    "superflex": 986
  },
  {
    "name": "Leonard Floyd",
    "team": "ATL",
    "position": "DL",
    "one_qb": 985,
    "superflex": 985
  },
  {
    "name": "Denico Autry",
    "team": "TEN",
    "position": "DL",
    "one_qb": 984,
    "superflex": 984
  },
  {
    "name": "Xavier Gipson",
    "team": "NYJ",
    "position": "WR",
    "one_qb": 1133,
    "superflex": 979
  },
  {
    "name": "Frank Gore Jr.",
    "team": "BUF",
    "position": "RB",
    "one_qb": 1130,
    "superflex": 976
  },
  {
    "name": "K.J. Osborn",
    "team": "WAS",
    "position": "WR",
    "one_qb": 1120,
    "superflex": 969
  },
  {
    "name": "Derek Stingley",
    "team": "HOU",
    "position": "DB",
    "one_qb": 968,
    "superflex": 968
  },
  {
    "name": "Sauce Gardner",
    "team": "IND",
    "position": "DB",
    "one_qb": 964,
    "superflex": 964
  },
  {
    "name": "LeQuint Allen",
    "team": "JAC",
    "position": "RB",
    "one_qb": 995,
    "superflex": 962
  },
  {
    "name": "Carson Steele",
    "team": "KCC",
    "position": "RB",
    "one_qb": 1073,
    "superflex": 960
  },
  {
    "name": "Tyquan Thornton",
    "team": "KCC",
    "position": "WR",
    "one_qb": 1089,
    "superflex": 954
  },
  {
    "name": "Isaiah Hodgins",
    "team": "SFO",
    "position": "WR",
    "one_qb": 920,
    "superflex": 947
  },
  {
    "name": "Harrison Smith",
    "team": "MIN",
    "position": "DB",
    "one_qb": 945,
    "superflex": 945
  },
  {
    "name": "Tyler Goodson",
    "team": "IND",
    "position": "RB",
    "one_qb": 1066,
    "superflex": 945
  },
  {
    "name": "Raheim Sanders",
    "team": "LAC",
    "position": "RB",
    "one_qb": 969,
    "superflex": 945
  },
  {
    "name": "Davis Allen",
    "team": "LAR",
    "position": "TE",
    "one_qb": 1044,
    "superflex": 944
  },
  {
    "name": "Malik Mustapha",
    "team": "SF",
    "position": "DB",
    "one_qb": 941,
    "superflex": 941
  },
  {
    "name": "Johnny Wilson",
    "team": "PHI",
    "position": "WR",
    "one_qb": 1034,
    "superflex": 941
  },
  {
    "name": "Tony Adams",
    "team": "NYJ",
    "position": "DB",
    "one_qb": 937,
    "superflex": 937
  },
  {
    "name": "Pat Surtain",
    "team": "DEN",
    "position": "DB",
    "one_qb": 932,
    "superflex": 932
  },
  {
    "name": "Quinyon Mitchell",
    "team": "PHI",
    "position": "DB",
    "one_qb": 928,
    "superflex": 928
  },
  {
    "name": "Christian Gonzalez",
    "team": "NE",
    "position": "DB",
    "one_qb": 924,
    "superflex": 924
  },
  {
    "name": "Donovan Edwards",
    "team": "NYJ",
    "position": "RB",
    "one_qb": 919,
    "superflex": 924
  },
  {
    "name": "A.T. Perry",
    "team": "DEN",
    "position": "WR",
    "one_qb": 1014,
    "superflex": 920
  },
  {
    "name": "Tyrann Mathieu",
    "team": "NO",
    "position": "DB",
    "one_qb": 919,
    "superflex": 919
  },
  {
    "name": "Van Jefferson",
    "team": "TEN",
    "position": "WR",
    "one_qb": 1026,
    "superflex": 918
  },
  {
    "name": "Raheem Mostert",
    "team": "LVR",
    "position": "RB",
    "one_qb": 982,
    "superflex": 917
  },
  {
    "name": "Terrion Arnold",
    "team": "DET",
    "position": "DB",
    "one_qb": 915,
    "superflex": 915
  },
  {
    "name": "C.J. Gardner-Johnson",
    "team": "HOU",
    "position": "DB",
    "one_qb": 911,
    "superflex": 911
  },
  {
    "name": "Demarcus Robinson",
    "team": "SFO",
    "position": "WR",
    "one_qb": 1017,
    "superflex": 911
  },
  {
    "name": "Ty Chandler",
    "team": "MIN",
    "position": "RB",
    "one_qb": 1081,
    "superflex": 909
  },
  {
    "name": "Jamari Thrash",
    "team": "CLE",
    "position": "WR",
    "one_qb": 1029,
    "superflex": 909
  },
  {
    "name": "Geno Stone",
    "team": "CIN",
    "position": "DB",
    "one_qb": 907,
    "superflex": 907
  },
  {
    "name": "Chuck Clark",
    "team": "PIT",
    "position": "DB",
    "one_qb": 903,
    "superflex": 903
  },
  {
    "name": "Jase McClellan",
    "team": "ATL",
    "position": "RB",
    "one_qb": 999,
    "superflex": 903
  },
  {
    "name": "Derius Davis",
    "team": "LAC",
    "position": "WR",
    "one_qb": 871,
    "superflex": 902
  },
  {
    "name": "KJ Hamler",
    "team": "BUF",
    "position": "WR",
    "one_qb": 948,
    "superflex": 900
  },
  {
    "name": "Jabrill Peppers",
    "team": "PIT",
    "position": "DB",
    "one_qb": 899,
    "superflex": 899
  },
  {
    "name": "Sione Vaki",
    "team": "DET",
    "position": "RB",
    "one_qb": 1024,
    "superflex": 897
  },
  {
    "name": "Dadrion Taylor-Demerson",
    "team": "ARI",
    "position": "DB",
    "one_qb": 895,
    "superflex": 895
  },
  {
    "name": "Mason Tipton",
    "team": "NOS",
    "position": "WR",
    "one_qb": 950,
    "superflex": 892
  },
  {
    "name": "Antonio Johnson",
    "team": "JAX",
    "position": "DB",
    "one_qb": 891,
    "superflex": 891
  },
  {
    "name": "Tyler Badie",
    "team": "DEN",
    "position": "RB",
    "one_qb": 948,
    "superflex": 890
  },
  {
    "name": "Rasul Douglas",
    "team": "BUF",
    "position": "DB",
    "one_qb": 887,
    "superflex": 887
  },
  {
    "name": "Mack Hollins",
    "team": "NEP",
    "position": "WR",
    "one_qb": 1019,
    "superflex": 885
  },
  {
    "name": "Phil Mafah",
    "team": "DAL",
    "position": "RB",
    "one_qb": 970,
    "superflex": 885
  },
  {
    "name": "Markquese Bell",
    "team": "DAL",
    "position": "DB",
    "one_qb": 883,
    "superflex": 883
  },
  {
    "name": "Donovan Wilson",
    "team": "DAL",
    "position": "DB",
    "one_qb": 880,
    "superflex": 880
  },
  {
    "name": "Tyler Johnson",
    "team": "NYJ",
    "position": "WR",
    "one_qb": 923,
    "superflex": 877
  },
  {
    "name": "Sydney Brown",
    "team": "PHI",
    "position": "DB",
    "one_qb": 876,
    "superflex": 876
  },
  {
    "name": "Olamide Zaccheaus",
    "team": "CHI",
    "position": "WR",
    "one_qb": 972,
    "superflex": 875
  },
  {
    "name": "Emari Demercado",
    "team": "ARI",
    "position": "RB",
    "one_qb": 895,
    "superflex": 874
  },
  {
    "name": "Daron Bland",
    "team": "DAL",
    "position": "DB",
    "one_qb": 872,
    "superflex": 872
  },
  {
    "name": "Tim Patrick",
    "team": "DET",
    "position": "WR",
    "one_qb": 950,
    "superflex": 872
  },
  {
    "name": "Deonte Banks",
    "team": "NYG",
    "position": "DB",
    "one_qb": 868,
    "superflex": 868
  },
  {
    "name": "Xavier Woods",
    "team": "CAR",
    "position": "DB",
    "one_qb": 865,
    "superflex": 865
  },
  {
    "name": "Kendall Milton",
    "team": "CIN",
    "position": "RB",
    "one_qb": 883,
    "superflex": 865
  },
  {
    "name": "Roger McCreary",
    "team": "TEN",
    "position": "DB",
    "one_qb": 861,
    "superflex": 861
  },
  {
    "name": "Kendall Fuller",
    "team": "MIA",
    "position": "DB",
    "one_qb": 857,
    "superflex": 857
  },
  {
    "name": "Kyle Dugger",
    "team": "NE",
    "position": "DB",
    "one_qb": 854,
    "superflex": 854
  },
  {
    "name": "Jeremy Ruckert",
    "team": "NYJ",
    "position": "TE",
    "one_qb": 859,
    "superflex": 854
  },
  {
    "name": "Samaje Perine",
    "team": "CIN",
    "position": "RB",
    "one_qb": 908,
    "superflex": 853
  },
  {
    "name": "Jonathan Owens",
    "team": "GB",
    "position": "DB",
    "one_qb": 850,
    "superflex": 850
  },
  {
    "name": "Marcus Williams",
    "team": "FA",
    "position": "DB",
    "one_qb": 847,
    "superflex": 847
  },
  {
    "name": "David Bell",
    "team": "CLE",
    "position": "WR",
    "one_qb": 852,
    "superflex": 847
  },
  {
    "name": "Dont'e Thornton",
    "team": "LVR",
    "position": "WR",
    "one_qb": 818,
    "superflex": 845
  },
  {
    "name": "D.J. Reed",
    "team": "NYJ",
    "position": "DB",
    "one_qb": 843,
    "superflex": 843
  },
  {
    "name": "Brandon Stephens",
    "team": "BAL",
    "position": "DB",
    "one_qb": 840,
    "superflex": 840
  },
  {
    "name": "Dylan Laube",
    "team": "LVR",
    "position": "RB",
    "one_qb": 902,
    "superflex": 838
  },
  {
    "name": "Rayshawn Jenkins",
    "team": "CLE",
    "position": "DB",
    "one_qb": 837,
    "superflex": 837
  },
  {
    "name": "Michael Carter",
    "team": "ARI",
    "position": "RB",
    "one_qb": 921,
    "superflex": 835
  },
  {
    "name": "Jake Browning",
    "team": "CIN",
    "position": "QB",
    "one_qb": 401,
    "superflex": 835
  },
  {
    "name": "Justin Simmons",
    "team": "FA",
    "position": "DB",
    "one_qb": 833,
    "superflex": 833
  },
  {
    "name": "Allen Lazard",
    "team": "NYJ",
    "position": "WR",
    "one_qb": 752,
    "superflex": 831
  },
  {
    "name": "Jordan Poyer",
    "team": "MIA",
    "position": "DB",
    "one_qb": 830,
    "superflex": 830
  },
  {
    "name": "Jamal Adams",
    "team": "LV",
    "position": "DB",
    "one_qb": 827,
    "superflex": 827
  },
  {
    "name": "Terrace Marshall",
    "team": "PHI",
    "position": "WR",
    "one_qb": 944,
    "superflex": 827
  },
  {
    "name": "Jaheim Bell",
    "team": "NEP",
    "position": "TE",
    "one_qb": 866,
    "superflex": 827
  },
  {
    "name": "Foster Moreau",
    "team": "NOS",
    "position": "TE",
    "one_qb": 913,
    "superflex": 824
  },
  {
    "name": "Deommodore Lenoir",
    "team": "SF",
    "position": "DB",
    "one_qb": 823,
    "superflex": 823
  },
  {
    "name": "Darrick Forrest",
    "team": "WFT",
    "position": "DB",
    "one_qb": 820,
    "superflex": 820
  },
  {
    "name": "Asante Samuel Jr.",
    "team": "LAC",
    "position": "DB",
    "one_qb": 817,
    "superflex": 817
  },
  {
    "name": "Quandre Diggs",
    "team": "TEN",
    "position": "DB",
    "one_qb": 814,
    "superflex": 814
  },
  {
    "name": "Clyde Edwards-Helaire",
    "team": "NOS",
    "position": "RB",
    "one_qb": 875,
    "superflex": 809
  },
  {
    "name": "Ainias Smith",
    "team": "PHI",
    "position": "WR",
    "one_qb": 874,
    "superflex": 808
  },
  {
    "name": "Jelani Woods",
    "team": "IND",
    "position": "TE",
    "one_qb": 840,
    "superflex": 807
  },
  {
    "name": "Irv Smith",
    "team": "HOU",
    "position": "TE",
    "one_qb": 869,
    "superflex": 805
  },
  {
    "name": "Mecole Hardman",
    "team": "GBP",
    "position": "WR",
    "one_qb": 852,
    "superflex": 802
  },
  {
    "name": "Trey Lance",
    "team": "LAC",
    "position": "QB",
    "one_qb": 576,
    "superflex": 796
  },
  {
    "name": "Trey Sermon",
    "team": "PIT",
    "position": "RB",
    "one_qb": 866,
    "superflex": 794
  },
  {
    "name": "Marquez Valdes-Scantling",
    "team": "SEA",
    "position": "WR",
    "one_qb": 864,
    "superflex": 794
  },
  {
    "name": "Eric Gray",
    "team": "NYG",
    "position": "RB",
    "one_qb": 809,
    "superflex": 780
  },
  {
    "name": "Stone Smartt",
    "team": "NYJ",
    "position": "TE",
    "one_qb": 789,
    "superflex": 780
  },
  {
    "name": "Chris Brooks",
    "team": "GBP",
    "position": "RB",
    "one_qb": 848,
    "superflex": 779
  },
  {
    "name": "Tyler Scott",
    "team": "CHI",
    "position": "WR",
    "one_qb": 847,
    "superflex": 769
  },
  {
    "name": "Zay Jones",
    "team": "ARI",
    "position": "WR",
    "one_qb": 669,
    "superflex": 769
  },
  {
    "name": "D.J. Chark",
    "team": "LAC",
    "position": "WR",
    "one_qb": 828,
    "superflex": 767
  },
  {
    "name": "Dorian Thompson-Robinson",
    "team": "PHI",
    "position": "QB",
    "one_qb": 481,
    "superflex": 750
  },
  {
    "name": "Brock Wright",
    "team": "DET",
    "position": "TE",
    "one_qb": 714,
    "superflex": 736
  },
  {
    "name": "Tylan Wallace",
    "team": "BAL",
    "position": "WR",
    "one_qb": 755,
    "superflex": 735
  },
  {
    "name": "Kenny McIntosh",
    "team": "SEA",
    "position": "RB",
    "one_qb": 775,
    "superflex": 722
  },
  {
    "name": "Trayveon Williams",
    "team": "NEP",
    "position": "RB",
    "one_qb": 727,
    "superflex": 720
  },
  {
    "name": "Rakim Jarrett",
    "team": "TBB",
    "position": "WR",
    "one_qb": 726,
    "superflex": 720
  },
  {
    "name": "KeAndre Lambert-Smith",
    "team": "LAC",
    "position": "WR",
    "one_qb": 620,
    "superflex": 706
  },
  {
    "name": "Luke Lachey",
    "team": "HOU",
    "position": "TE",
    "one_qb": 738,
    "superflex": 696
  },
  {
    "name": "Skyy Moore",
    "team": "KCC",
    "position": "WR",
    "one_qb": 709,
    "superflex": 683
  },
  {
    "name": "Josh Reynolds",
    "team": "NYJ",
    "position": "WR",
    "one_qb": 644,
    "superflex": 663
  },
  {
    "name": "Arian Smith",
    "team": "NYJ",
    "position": "WR",
    "one_qb": 582,
    "superflex": 656
  },
  {
    "name": "Pierre Strong Jr.",
    "team": "CLE",
    "position": "RB",
    "one_qb": 701,
    "superflex": 643
  },
  {
    "name": "Tyler Huntley",
    "team": "MIA",
    "position": "QB",
    "one_qb": 446,
    "superflex": 633
  },
  {
    "name": "Jacoby Brissett",
    "team": "ARI",
    "position": "QB",
    "one_qb": 388,
    "superflex": 626
  },
  {
    "name": "Tyson Bagent",
    "team": "CHI",
    "position": "QB",
    "one_qb": 215,
    "superflex": 606
  },
  {
    "name": "Josh Whyle",
    "team": "TEN",
    "position": "TE",
    "one_qb": 666,
    "superflex": 604
  },
  {
    "name": "Ryan Flournoy",
    "team": "DAL",
    "position": "WR",
    "one_qb": 624,
    "superflex": 601
  },
  {
    "name": "Desmond Ridder",
    "team": "LVR",
    "position": "QB",
    "one_qb": 404,
    "superflex": 571
  },
  {
    "name": "Tyler Boyd",
    "team": "FA",
    "position": "WR",
    "one_qb": 652,
    "superflex": 530
  },
  {
    "name": "Hassan Haskins",
    "team": "LAC",
    "position": "RB",
    "one_qb": 584,
    "superflex": 528
  },
  {
    "name": "Hayden Hurst",
    "team": "LAC",
    "position": "TE",
    "one_qb": 551,
    "superflex": 522
  },
  {
    "name": "Malik Heath",
    "team": "GBP",
    "position": "WR",
    "one_qb": 483,
    "superflex": 519
  },
  {
    "name": "Joshua Dobbs",
    "team": "NEP",
    "position": "QB",
    "one_qb": 223,
    "superflex": 511
  },
  {
    "name": "Donovan Peoples-Jones",
    "team": "NOS",
    "position": "WR",
    "one_qb": 517,
    "superflex": 502
  },
  {
    "name": "Deshaun Watson",
    "team": "CLE",
    "position": "QB",
    "one_qb": 405,
    "superflex": 498
  },
  {
    "name": "Travis Homer",
    "team": "CHI",
    "position": "RB",
    "one_qb": 489,
    "superflex": 472
  },
  {
    "name": "Cedrick Wilson",
    "team": "NOS",
    "position": "WR",
    "one_qb": 556,
    "superflex": 470
  },
  {
    "name": "Chris Evans",
    "team": "CIN",
    "position": "RB",
    "one_qb": 489,
    "superflex": 468
  },
  {
    "name": "Kalif Raymond",
    "team": "DET",
    "position": "WR",
    "one_qb": 378,
    "superflex": 468
  },
  {
    "name": "Blake Watson",
    "team": "DEN",
    "position": "RB",
    "one_qb": 391,
    "superflex": 465
  },
  {
    "name": "Justyn Ross",
    "team": "KCC",
    "position": "WR",
    "one_qb": 500,
    "superflex": 456
  },
  {
    "name": "Josh Oliver",
    "team": "MIN",
    "position": "TE",
    "one_qb": 412,
    "superflex": 444
  },
  {
    "name": "Kylen Granson",
    "team": "PHI",
    "position": "TE",
    "one_qb": 434,
    "superflex": 439
  },
  {
    "name": "Tyrod Taylor",
    "team": "NYJ",
    "position": "QB",
    "one_qb": 207,
    "superflex": 433
  },
  {
    "name": "Harrison Bryant",
    "team": "PHI",
    "position": "TE",
    "one_qb": 431,
    "superflex": 430
  },
  {
    "name": "Ben Skowronek",
    "team": "PIT",
    "position": "WR",
    "one_qb": 397,
    "superflex": 430
  },
  {
    "name": "Ronnie Bell",
    "team": "DET",
    "position": "WR",
    "one_qb": 487,
    "superflex": 422
  },
  {
    "name": "Tip Reiman",
    "team": "ARI",
    "position": "TE",
    "one_qb": 437,
    "superflex": 422
  },
  {
    "name": "Erik Ezukanma",
    "team": "MIA",
    "position": "WR",
    "one_qb": 591,
    "superflex": 420
  },
  {
    "name": "Lucas Krull",
    "team": "DEN",
    "position": "TE",
    "one_qb": 408,
    "superflex": 417
  },
  {
    "name": "Tommy DeVito",
    "team": "NYG",
    "position": "QB",
    "one_qb": 408,
    "superflex": 412
  },
  {
    "name": "Peyton Hendershot",
    "team": "KCC",
    "position": "TE",
    "one_qb": 402,
    "superflex": 410
  },
  {
    "name": "Kurtis Rourke",
    "team": "SFO",
    "position": "QB",
    "one_qb": 223,
    "superflex": 410
  },
  {
    "name": "Anthony Schwartz",
    "team": "MIA",
    "position": "WR",
    "one_qb": 514,
    "superflex": 409
  },
  {
    "name": "Bailey Zappe",
    "team": "KCC",
    "position": "QB",
    "one_qb": 190,
    "superflex": 409
  },
  {
    "name": "D'Onta Foreman",
    "team": "CLE",
    "position": "RB",
    "one_qb": 392,
    "superflex": 407
  },
  {
    "name": "Drew Sample",
    "team": "CIN",
    "position": "TE",
    "one_qb": 405,
    "superflex": 404
  },
  {
    "name": "D'Ernest Johnson",
    "team": "JAC",
    "position": "RB",
    "one_qb": 392,
    "superflex": 404
  },
  {
    "name": "Nelson Agholor",
    "team": "BAL",
    "position": "WR",
    "one_qb": 384,
    "superflex": 404
  }
]