{
  "updated": "2026-02-09T02:54:08.986Z",
  "pointsKey": "points",
  "count": 489,
  "rows": [
    {
      "player_id": "",
      "name": "Bijan Robinson",
      "team": "ATL",
      "position": "RB",
      "points": 305
    },
    {
      "player_id": "",
      "name": "Saquon Barkley",
      "team": "PHI",
      "position": "RB",
      "points": 299
    },
    {
      "player_id": "",
      "name": "Jahmyr Gibbs",
      "team": "DET",
      "position": "RB",
      "points": 289
    },
    {
      "player_id": "",
      "name": "Derrick Henry",
      "team": "BAL",
      "position": "RB",
      "points": 266
    },
    {
      "player_id": "",
      "name": "Ja'Marr Chase",
      "team": "CIN",
      "position": "WR",
      "points": 296
    },
    {
      "player_id": "",
      "name": "Christian McCaffrey",
      "team": "SF",
      "position": "RB",
      "points": 264
    },
    {
      "player_id": "",
      "name": "Devon Achane",
      "team": "MIA",
      "position": "RB",
      "points": 258
    },
    {
      "player_id": "",
      "name": "Josh Jacobs",
      "team": "GB",
      "position": "RB",
      "points": 253
    },
    {
      "player_id": "",
      "name": "Ashton Jeanty",
      "team": "LVR",
      "position": "RB",
      "points": 251
    },
    {
      "player_id": "",
      "name": "Jonathan Taylor",
      "team": "IND",
      "position": "RB",
      "points": 248
    },
    {
      "player_id": "",
      "name": "Kyren Williams",
      "team": "LAR",
      "position": "RB",
      "points": 246
    },
    {
      "player_id": "",
      "name": "Bucky Irving",
      "team": "TB",
      "position": "RB",
      "points": 244
    },
    {
      "player_id": "",
      "name": "Chase Brown",
      "team": "CIN",
      "position": "RB",
      "points": 239
    },
    {
      "player_id": "",
      "name": "Justin Jefferson",
      "team": "MIN",
      "position": "WR",
      "points": 261
    },
    {
      "player_id": "",
      "name": "James Cook",
      "team": "BUF",
      "position": "RB",
      "points": 228
    },
    {
      "player_id": "",
      "name": "CeeDee Lamb",
      "team": "DAL",
      "position": "WR",
      "points": 257
    },
    {
      "player_id": "",
      "name": "Josh Allen",
      "team": "BUF",
      "position": "QB",
      "points": 383
    },
    {
      "player_id": "",
      "name": "Brock Bowers",
      "team": "LVR",
      "position": "TE",
      "points": 205
    },
    {
      "player_id": "",
      "name": "Alvin Kamara",
      "team": "NO",
      "position": "RB",
      "points": 217
    },
    {
      "player_id": "",
      "name": "Malik Nabers",
      "team": "NYG",
      "position": "WR",
      "points": 247
    },
    {
      "player_id": "",
      "name": "Lamar Jackson",
      "team": "BAL",
      "position": "QB",
      "points": 377
    },
    {
      "player_id": "",
      "name": "Trey McBride",
      "team": "ARI",
      "position": "TE",
      "points": 198
    },
    {
      "player_id": "",
      "name": "Puka Nacua",
      "team": "LAR",
      "position": "WR",
      "points": 246
    },
    {
      "player_id": "",
      "name": "Chuba Hubbard",
      "team": "CAR",
      "position": "RB",
      "points": 213
    },
    {
      "player_id": "",
      "name": "Omarion Hampton",
      "team": "LAC",
      "position": "RB",
      "points": 211
    },
    {
      "player_id": "",
      "name": "James Conner",
      "team": "ARI",
      "position": "RB",
      "points": 211
    },
    {
      "player_id": "",
      "name": "Amon-Ra St. Brown",
      "team": "DET",
      "position": "WR",
      "points": 242
    },
    {
      "player_id": "",
      "name": "Breece Hall",
      "team": "NYJ",
      "position": "RB",
      "points": 209
    },
    {
      "player_id": "",
      "name": "Nico Collins",
      "team": "HOU",
      "position": "WR",
      "points": 238
    },
    {
      "player_id": "",
      "name": "Brian Thomas Jr.",
      "team": "JAC",
      "position": "WR",
      "points": 238
    },
    {
      "player_id": "",
      "name": "Jayden Daniels",
      "team": "WAS",
      "position": "QB",
      "points": 367
    },
    {
      "player_id": "",
      "name": "Kenneth Walker III",
      "team": "SEA",
      "position": "RB",
      "points": 203
    },
    {
      "player_id": "",
      "name": "George Kittle",
      "team": "SF",
      "position": "TE",
      "points": 186
    },
    {
      "player_id": "",
      "name": "TreVeyon Henderson",
      "team": "NE",
      "position": "RB",
      "points": 198
    },
    {
      "player_id": "",
      "name": "Jalen Hurts",
      "team": "PHI",
      "position": "QB",
      "points": 357
    },
    {
      "player_id": "",
      "name": "Drake London",
      "team": "ATL",
      "position": "WR",
      "points": 225
    },
    {
      "player_id": "",
      "name": "D'Andre Swift",
      "team": "CHI",
      "position": "RB",
      "points": 193
    },
    {
      "player_id": "",
      "name": "Tony Pollard",
      "team": "TEN",
      "position": "RB",
      "points": 188
    },
    {
      "player_id": "",
      "name": "A.J. Brown",
      "team": "PHI",
      "position": "WR",
      "points": 219
    },
    {
      "player_id": "",
      "name": "Joe Burrow",
      "team": "CIN",
      "position": "QB",
      "points": 348
    },
    {
      "player_id": "",
      "name": "Tyreek Hill",
      "team": "MIA",
      "position": "WR",
      "points": 216
    },
    {
      "player_id": "",
      "name": "Aaron Jones",
      "team": "MIN",
      "position": "RB",
      "points": 184
    },
    {
      "player_id": "",
      "name": "David Montgomery",
      "team": "DET",
      "position": "RB",
      "points": 181
    },
    {
      "player_id": "",
      "name": "Ladd McConkey",
      "team": "LAC",
      "position": "WR",
      "points": 211
    },
    {
      "player_id": "",
      "name": "Tee Higgins",
      "team": "CIN",
      "position": "WR",
      "points": 209
    },
    {
      "player_id": "",
      "name": "RJ Harvey",
      "team": "DEN",
      "position": "RB",
      "points": 178
    },
    {
      "player_id": "",
      "name": "Sam LaPorta",
      "team": "DET",
      "position": "TE",
      "points": 159
    },
    {
      "player_id": "",
      "name": "Tyrone Tracy",
      "team": "NYG",
      "position": "RB",
      "points": 175
    },
    {
      "player_id": "",
      "name": "Mike Evans",
      "team": "TB",
      "position": "WR",
      "points": 206
    },
    {
      "player_id": "",
      "name": "Terry McLaurin",
      "team": "WAS",
      "position": "WR",
      "points": 206
    },
    {
      "player_id": "",
      "name": "Davante Adams",
      "team": "LAR",
      "position": "WR",
      "points": 204
    },
    {
      "player_id": "",
      "name": "Jaxon Smith-Njigba",
      "team": "SEA",
      "position": "WR",
      "points": 204
    },
    {
      "player_id": "",
      "name": "Isiah Pacheco",
      "team": "KC",
      "position": "RB",
      "points": 171
    },
    {
      "player_id": "",
      "name": "Jaylen Warren",
      "team": "PIT",
      "position": "RB",
      "points": 169
    },
    {
      "player_id": "",
      "name": "Patrick Mahomes",
      "team": "KC",
      "position": "QB",
      "points": 329
    },
    {
      "player_id": "",
      "name": "Marvin Harrison Jr.",
      "team": "ARI",
      "position": "WR",
      "points": 197
    },
    {
      "player_id": "",
      "name": "DK Metcalf",
      "team": "PIT",
      "position": "WR",
      "points": 195
    },
    {
      "player_id": "",
      "name": "Garrett Wilson",
      "team": "NYJ",
      "position": "WR",
      "points": 195
    },
    {
      "player_id": "",
      "name": "Mark Andrews",
      "team": "BAL",
      "position": "TE",
      "points": 145
    },
    {
      "player_id": "",
      "name": "D.J. Moore",
      "team": "CHI",
      "position": "WR",
      "points": 193
    },
    {
      "player_id": "",
      "name": "Baker Mayfield",
      "team": "TB",
      "position": "QB",
      "points": 322
    },
    {
      "player_id": "",
      "name": "Courtland Sutton",
      "team": "DEN",
      "position": "WR",
      "points": 192
    },
    {
      "player_id": "",
      "name": "T.J. Hockenson",
      "team": "MIN",
      "position": "TE",
      "points": 143
    },
    {
      "player_id": "",
      "name": "Kyler Murray",
      "team": "ARI",
      "position": "QB",
      "points": 320
    },
    {
      "player_id": "",
      "name": "Travis Kelce",
      "team": "KC",
      "position": "TE",
      "points": 141
    },
    {
      "player_id": "",
      "name": "Zay Flowers",
      "team": "BAL",
      "position": "WR",
      "points": 189
    },
    {
      "player_id": "",
      "name": "Calvin Ridley",
      "team": "TEN",
      "position": "WR",
      "points": 187
    },
    {
      "player_id": "",
      "name": "David Njoku",
      "team": "CLE",
      "position": "TE",
      "points": 138
    },
    {
      "player_id": "",
      "name": "Jameson Williams",
      "team": "DET",
      "position": "WR",
      "points": 185
    },
    {
      "player_id": "",
      "name": "Tetairoa McMillan",
      "team": "CAR",
      "position": "WR",
      "points": 185
    },
    {
      "player_id": "",
      "name": "Brian Branch",
      "team": "DET",
      "position": "DB",
      "points": 124
    },
    {
      "player_id": "",
      "name": "Bo Nix",
      "team": "DEN",
      "position": "QB",
      "points": 314
    },
    {
      "player_id": "",
      "name": "DeVonta Smith",
      "team": "PHI",
      "position": "WR",
      "points": 183
    },
    {
      "player_id": "",
      "name": "Javonte Williams",
      "team": "DAL",
      "position": "RB",
      "points": 151
    },
    {
      "player_id": "",
      "name": "Aidan Hutchinson",
      "team": "DET",
      "position": "DL",
      "points": 84.2
    },
    {
      "player_id": "",
      "name": "Kaleb Johnson",
      "team": "PIT",
      "position": "RB",
      "points": 151
    },
    {
      "player_id": "",
      "name": "Jerry Jeudy",
      "team": "CLE",
      "position": "WR",
      "points": 181
    },
    {
      "player_id": "",
      "name": "Maxx Crosby",
      "team": "LVR",
      "position": "DL",
      "points": 83.4
    },
    {
      "player_id": "",
      "name": "Tyler Warren",
      "team": "IND",
      "position": "TE",
      "points": 132
    },
    {
      "player_id": "",
      "name": "Brock Purdy",
      "team": "SF",
      "position": "QB",
      "points": 310
    },
    {
      "player_id": "",
      "name": "Austin Ekeler",
      "team": "WAS",
      "position": "RB",
      "points": 149
    },
    {
      "player_id": "",
      "name": "Zack Baun",
      "team": "PHI",
      "position": "LB",
      "points": 130
    },
    {
      "player_id": "",
      "name": "Brandon Aubrey",
      "team": "DAL",
      "position": "K",
      "points": 158
    },
    {
      "player_id": "",
      "name": "Budda Baker",
      "team": "ARI",
      "position": "DB",
      "points": 116
    },
    {
      "player_id": "",
      "name": "Evan Engram",
      "team": "DEN",
      "position": "TE",
      "points": 128
    },
    {
      "player_id": "",
      "name": "George Pickens",
      "team": "DAL",
      "position": "WR",
      "points": 175
    },
    {
      "player_id": "",
      "name": "Andrew Van Ginkel",
      "team": "MIN",
      "position": "DL",
      "points": 76.7
    },
    {
      "player_id": "",
      "name": "Andrew Van Ginkel",
      "team": "MIN",
      "position": "DL",
      "points": 76.7
    },
    {
      "player_id": "",
      "name": "Travis Hunter",
      "team": "JAC",
      "position": "WR",
      "points": 174
    },
    {
      "player_id": "",
      "name": "Travis Hunter",
      "team": "JAC",
      "position": "WR",
      "points": 174
    },
    {
      "player_id": "",
      "name": "Kyle Hamilton",
      "team": "BAL",
      "position": "DB",
      "points": 114
    },
    {
      "player_id": "",
      "name": "Xavier Worthy",
      "team": "KC",
      "position": "WR",
      "points": 174
    },
    {
      "player_id": "",
      "name": "Justin Fields",
      "team": "NYJ",
      "position": "QB",
      "points": 304
    },
    {
      "player_id": "",
      "name": "Tucker Kraft",
      "team": "GB",
      "position": "TE",
      "points": 125
    },
    {
      "player_id": "",
      "name": "Zaire Franklin",
      "team": "IND",
      "position": "LB",
      "points": 123
    },
    {
      "player_id": "",
      "name": "Jessie Bates",
      "team": "ATL",
      "position": "DB",
      "points": 111
    },
    {
      "player_id": "",
      "name": "Deebo Samuel",
      "team": "WAS",
      "position": "WR",
      "points": 171
    },
    {
      "player_id": "",
      "name": "T.J. Watt",
      "team": "PIT",
      "position": "DL",
      "points": 72.6
    },
    {
      "player_id": "",
      "name": "T.J. Watt",
      "team": "PIT",
      "position": "DL",
      "points": 72.6
    },
    {
      "player_id": "",
      "name": "Alex Singleton",
      "team": "DEN",
      "position": "LB",
      "points": 122
    },
    {
      "player_id": "",
      "name": "Chase McLaughlin",
      "team": "TB",
      "position": "K",
      "points": 150
    },
    {
      "player_id": "",
      "name": "Rome Odunze",
      "team": "CHI",
      "position": "WR",
      "points": 170
    },
    {
      "player_id": "",
      "name": "Trey Hendrickson",
      "team": "CIN",
      "position": "DL",
      "points": 71.4
    },
    {
      "player_id": "",
      "name": "Robert Spillane",
      "team": "NE",
      "position": "LB",
      "points": 121
    },
    {
      "player_id": "",
      "name": "Jaylen Waddle",
      "team": "MIA",
      "position": "WR",
      "points": 169
    },
    {
      "player_id": "",
      "name": "Reed Blankenship",
      "team": "PHI",
      "position": "DB",
      "points": 109
    },
    {
      "player_id": "",
      "name": "J.K. Dobbins",
      "team": "DEN",
      "position": "RB",
      "points": 138
    },
    {
      "player_id": "",
      "name": "Jakobi Meyers",
      "team": "LVR",
      "position": "WR",
      "points": 169
    },
    {
      "player_id": "",
      "name": "Julian Love",
      "team": "SEA",
      "position": "DB",
      "points": 108
    },
    {
      "player_id": "",
      "name": "Roquan Smith",
      "team": "BAL",
      "position": "LB",
      "points": 120
    },
    {
      "player_id": "",
      "name": "Jonathan Greenard",
      "team": "MIN",
      "position": "DL",
      "points": 70.4
    },
    {
      "player_id": "",
      "name": "Jonathan Greenard",
      "team": "MIN",
      "position": "DL",
      "points": 70.4
    },
    {
      "player_id": "",
      "name": "Travis Etienne",
      "team": "JAC",
      "position": "RB",
      "points": 137
    },
    {
      "player_id": "",
      "name": "Nick Bosa",
      "team": "SF",
      "position": "DL",
      "points": 69.8
    },
    {
      "player_id": "",
      "name": "Kerby Joseph",
      "team": "DET",
      "position": "DB",
      "points": 107
    },
    {
      "player_id": "",
      "name": "Jake Bates",
      "team": "DET",
      "position": "K",
      "points": 148
    },
    {
      "player_id": "",
      "name": "Kaden Elliss",
      "team": "ATL",
      "position": "LB",
      "points": 119
    },
    {
      "player_id": "",
      "name": "Fred Warner",
      "team": "SF",
      "position": "LB",
      "points": 119
    },
    {
      "player_id": "",
      "name": "Kevin Byard",
      "team": "CHI",
      "position": "DB",
      "points": 107
    },
    {
      "player_id": "",
      "name": "Kaimi Fairbairn",
      "team": "HOU",
      "position": "K",
      "points": 148
    },
    {
      "player_id": "",
      "name": "Daiyan Henley",
      "team": "LAC",
      "position": "LB",
      "points": 118
    },
    {
      "player_id": "",
      "name": "Matt Gay",
      "team": "WAS",
      "position": "K",
      "points": 147
    },
    {
      "player_id": "",
      "name": "Cameron Dicker",
      "team": "LAC",
      "position": "K",
      "points": 147
    },
    {
      "player_id": "",
      "name": "Antoine Winfield",
      "team": "TB",
      "position": "DB",
      "points": 106
    },
    {
      "player_id": "",
      "name": "Broncos",
      "team": "DEN",
      "position": "DST",
      "points": 96.9
    },
    {
      "player_id": "",
      "name": "Jake Elliott",
      "team": "PHI",
      "position": "K",
      "points": 147
    },
    {
      "player_id": "",
      "name": "Justin Herbert",
      "team": "LAC",
      "position": "QB",
      "points": 296
    },
    {
      "player_id": "",
      "name": "Micah Parsons",
      "team": "GB",
      "position": "DL",
      "points": 68.2
    },
    {
      "player_id": "",
      "name": "Micah Parsons",
      "team": "GB",
      "position": "DL",
      "points": 68.2
    },
    {
      "player_id": "",
      "name": "Foyesade Oluokun",
      "team": "JAC",
      "position": "LB",
      "points": 117
    },
    {
      "player_id": "",
      "name": "Rhamondre Stevenson",
      "team": "NE",
      "position": "RB",
      "points": 135
    },
    {
      "player_id": "",
      "name": "DeForest Buckner",
      "team": "IND",
      "position": "DL",
      "points": 67.8
    },
    {
      "player_id": "",
      "name": "Colston Loveland",
      "team": "CHI",
      "position": "TE",
      "points": 118
    },
    {
      "player_id": "",
      "name": "Texans",
      "team": "HOU",
      "position": "DST",
      "points": 96
    },
    {
      "player_id": "",
      "name": "Caleb Williams",
      "team": "CHI",
      "position": "QB",
      "points": 296
    },
    {
      "player_id": "",
      "name": "Zach Charbonnet",
      "team": "SEA",
      "position": "RB",
      "points": 134
    },
    {
      "player_id": "",
      "name": "Chris Olave",
      "team": "NO",
      "position": "WR",
      "points": 166
    },
    {
      "player_id": "",
      "name": "Dallas Goedert",
      "team": "PHI",
      "position": "TE",
      "points": 118
    },
    {
      "player_id": "",
      "name": "Harrison Butker",
      "team": "KC",
      "position": "K",
      "points": 146
    },
    {
      "player_id": "",
      "name": "Ravens",
      "team": "BAL",
      "position": "DST",
      "points": 95.9
    },
    {
      "player_id": "",
      "name": "Nik Bonitto",
      "team": "DEN",
      "position": "DL",
      "points": 67.6
    },
    {
      "player_id": "",
      "name": "Nik Bonitto",
      "team": "DEN",
      "position": "DL",
      "points": 67.6
    },
    {
      "player_id": "",
      "name": "Ernest Jones",
      "team": "SEA",
      "position": "LB",
      "points": 117
    },
    {
      "player_id": "",
      "name": "Nick Cross",
      "team": "IND",
      "position": "DB",
      "points": 105
    },
    {
      "player_id": "",
      "name": "Jake Ferguson",
      "team": "DAL",
      "position": "TE",
      "points": 118
    },
    {
      "player_id": "",
      "name": "Jeffery Simmons",
      "team": "TEN",
      "position": "DL",
      "points": 67.2
    },
    {
      "player_id": "",
      "name": "Chris Boswell",
      "team": "PIT",
      "position": "K",
      "points": 146
    },
    {
      "player_id": "",
      "name": "Bradley Chubb",
      "team": "MIA",
      "position": "DL",
      "points": 67.1
    },
    {
      "player_id": "",
      "name": "Bradley Chubb",
      "team": "MIA",
      "position": "DL",
      "points": 67.1
    },
    {
      "player_id": "",
      "name": "Brian Burns",
      "team": "NYG",
      "position": "DL",
      "points": 67.1
    },
    {
      "player_id": "",
      "name": "Brian Burns",
      "team": "NYG",
      "position": "DL",
      "points": 67.1
    },
    {
      "player_id": "",
      "name": "Myles Garrett",
      "team": "CLE",
      "position": "DL",
      "points": 66.9
    },
    {
      "player_id": "",
      "name": "Kyle Pitts",
      "team": "ATL",
      "position": "TE",
      "points": 117
    },
    {
      "player_id": "",
      "name": "DeShon Elliott",
      "team": "PIT",
      "position": "DB",
      "points": 104
    },
    {
      "player_id": "",
      "name": "Danielle Hunter",
      "team": "HOU",
      "position": "DL",
      "points": 65.9
    },
    {
      "player_id": "",
      "name": "Danielle Hunter",
      "team": "HOU",
      "position": "DL",
      "points": 65.9
    },
    {
      "player_id": "",
      "name": "Eagles",
      "team": "PHI",
      "position": "DST",
      "points": 93.9
    },
    {
      "player_id": "",
      "name": "Alex Highsmith",
      "team": "PIT",
      "position": "DL",
      "points": 65.2
    },
    {
      "player_id": "",
      "name": "Alex Highsmith",
      "team": "PIT",
      "position": "DL",
      "points": 65.2
    },
    {
      "player_id": "",
      "name": "Evan McPherson",
      "team": "CIN",
      "position": "K",
      "points": 144
    },
    {
      "player_id": "",
      "name": "Dalton Kincaid",
      "team": "BUF",
      "position": "TE",
      "points": 115
    },
    {
      "player_id": "",
      "name": "Jamien Sherwood",
      "team": "NYJ",
      "position": "LB",
      "points": 114
    },
    {
      "player_id": "",
      "name": "Anfernee Jennings",
      "team": "NE",
      "position": "DL",
      "points": 64.7
    },
    {
      "player_id": "",
      "name": "Wil Lutz",
      "team": "DEN",
      "position": "K",
      "points": 143
    },
    {
      "player_id": "",
      "name": "Jordan Battle",
      "team": "CIN",
      "position": "DB",
      "points": 102
    },
    {
      "player_id": "",
      "name": "Leonard Williams",
      "team": "SEA",
      "position": "DL",
      "points": 64.3
    },
    {
      "player_id": "",
      "name": "Trevon Moehrig",
      "team": "CAR",
      "position": "DB",
      "points": 102
    },
    {
      "player_id": "",
      "name": "Jeremy Chinn",
      "team": "LVR",
      "position": "DB",
      "points": 101
    },
    {
      "player_id": "",
      "name": "Tyler Loop",
      "team": "BAL",
      "position": "K",
      "points": 142
    },
    {
      "player_id": "",
      "name": "Derwin James",
      "team": "LAC",
      "position": "DB",
      "points": 101
    },
    {
      "player_id": "",
      "name": "Gregory Rousseau",
      "team": "BUF",
      "position": "DL",
      "points": 63.7
    },
    {
      "player_id": "",
      "name": "Will Anderson",
      "team": "HOU",
      "position": "DL",
      "points": 63.7
    },
    {
      "player_id": "",
      "name": "Hunter Henry",
      "team": "NE",
      "position": "TE",
      "points": 114
    },
    {
      "player_id": "",
      "name": "Harold Landry",
      "team": "NE",
      "position": "DL",
      "points": 63.6
    },
    {
      "player_id": "",
      "name": "Harold Landry",
      "team": "NE",
      "position": "DL",
      "points": 63.6
    },
    {
      "player_id": "",
      "name": "Jared Goff",
      "team": "DET",
      "position": "QB",
      "points": 291
    },
    {
      "player_id": "",
      "name": "Jordyn Brooks",
      "team": "MIA",
      "position": "LB",
      "points": 113
    },
    {
      "player_id": "",
      "name": "Derrick Brown",
      "team": "CAR",
      "position": "DL",
      "points": 63.3
    },
    {
      "player_id": "",
      "name": "Zach Ertz",
      "team": "WAS",
      "position": "TE",
      "points": 113
    },
    {
      "player_id": "",
      "name": "Younghoe Koo",
      "team": "ATL",
      "position": "K",
      "points": 141
    },
    {
      "player_id": "",
      "name": "Dak Prescott",
      "team": "DAL",
      "position": "QB",
      "points": 291
    },
    {
      "player_id": "",
      "name": "Brandon Jones",
      "team": "DEN",
      "position": "DB",
      "points": 100
    },
    {
      "player_id": "",
      "name": "Matthew Golden",
      "team": "GB",
      "position": "WR",
      "points": 160
    },
    {
      "player_id": "",
      "name": "Vikings",
      "team": "MIN",
      "position": "DST",
      "points": 90.6
    },
    {
      "player_id": "",
      "name": "J.J. McCarthy",
      "team": "MIN",
      "position": "QB",
      "points": 290
    },
    {
      "player_id": "",
      "name": "Rams",
      "team": "LAR",
      "position": "DST",
      "points": 90.5
    },
    {
      "player_id": "",
      "name": "Jauan Jennings",
      "team": "SF",
      "position": "WR",
      "points": 160
    },
    {
      "player_id": "",
      "name": "Jaelan Phillips",
      "team": "MIA",
      "position": "DL",
      "points": 62
    },
    {
      "player_id": "",
      "name": "Jaelan Phillips",
      "team": "MIA",
      "position": "DL",
      "points": 62
    },
    {
      "player_id": "",
      "name": "Grant Delpit",
      "team": "CLE",
      "position": "DB",
      "points": 99.4
    },
    {
      "player_id": "",
      "name": "Brandon McManus",
      "team": "GB",
      "position": "K",
      "points": 140
    },
    {
      "player_id": "",
      "name": "Jaquan Brisker",
      "team": "CHI",
      "position": "DB",
      "points": 99.2
    },
    {
      "player_id": "",
      "name": "Cameron Heyward",
      "team": "PIT",
      "position": "DL",
      "points": 61.7
    },
    {
      "player_id": "",
      "name": "Camryn Bynum",
      "team": "IND",
      "position": "DB",
      "points": 99.1
    },
    {
      "player_id": "",
      "name": "Ricky Pearsall",
      "team": "SF",
      "position": "WR",
      "points": 160
    },
    {
      "player_id": "",
      "name": "Packers",
      "team": "GB",
      "position": "DST",
      "points": 89.6
    },
    {
      "player_id": "",
      "name": "Josh Allen",
      "team": "JAC",
      "position": "DL",
      "points": 61.4
    },
    {
      "player_id": "",
      "name": "Josh Allen",
      "team": "JAC",
      "position": "DL",
      "points": 61.4
    },
    {
      "player_id": "",
      "name": "Logan Wilson",
      "team": "CIN",
      "position": "LB",
      "points": 111
    },
    {
      "player_id": "",
      "name": "Jared Verse",
      "team": "LAR",
      "position": "DL",
      "points": 61.4
    },
    {
      "player_id": "",
      "name": "Jared Verse",
      "team": "LAR",
      "position": "DL",
      "points": 61.4
    },
    {
      "player_id": "",
      "name": "Zach Allen",
      "team": "DEN",
      "position": "DL",
      "points": 61.3
    },
    {
      "player_id": "",
      "name": "Julian Blackmon",
      "team": "NO",
      "position": "DB",
      "points": 98.1
    },
    {
      "player_id": "",
      "name": "Lavonte David",
      "team": "TB",
      "position": "LB",
      "points": 110
    },
    {
      "player_id": "",
      "name": "Bills",
      "team": "BUF",
      "position": "DST",
      "points": 88.6
    },
    {
      "player_id": "",
      "name": "Will Reichard",
      "team": "MIN",
      "position": "K",
      "points": 139
    },
    {
      "player_id": "",
      "name": "Travon Walker",
      "team": "JAC",
      "position": "DL",
      "points": 60.2
    },
    {
      "player_id": "",
      "name": "Travon Walker",
      "team": "JAC",
      "position": "DL",
      "points": 60.2
    },
    {
      "player_id": "",
      "name": "Daniel Carlson",
      "team": "LVR",
      "position": "K",
      "points": 139
    },
    {
      "player_id": "",
      "name": "Nick Bolton",
      "team": "KC",
      "position": "LB",
      "points": 109
    },
    {
      "player_id": "",
      "name": "Bobby Wagner",
      "team": "WAS",
      "position": "LB",
      "points": 109
    },
    {
      "player_id": "",
      "name": "T.J. Edwards",
      "team": "CHI",
      "position": "LB",
      "points": 109
    },
    {
      "player_id": "",
      "name": "George Karlaftis",
      "team": "KC",
      "position": "DL",
      "points": 59.8
    },
    {
      "player_id": "",
      "name": "Drake Maye",
      "team": "NE",
      "position": "QB",
      "points": 288
    },
    {
      "player_id": "",
      "name": "Jermaine Johnson",
      "team": "NYJ",
      "position": "DL",
      "points": 59.6
    },
    {
      "player_id": "",
      "name": "Jermaine Johnson",
      "team": "NYJ",
      "position": "DL",
      "points": 59.6
    },
    {
      "player_id": "",
      "name": "Bobby Okereke",
      "team": "NYG",
      "position": "LB",
      "points": 109
    },
    {
      "player_id": "",
      "name": "Jonnu Smith",
      "team": "PIT",
      "position": "TE",
      "points": 109
    },
    {
      "player_id": "",
      "name": "Carl Granderson",
      "team": "NO",
      "position": "DL",
      "points": 59.1
    },
    {
      "player_id": "",
      "name": "Khalil Mack",
      "team": "LAC",
      "position": "DL",
      "points": 58.7
    },
    {
      "player_id": "",
      "name": "Khalil Mack",
      "team": "LAC",
      "position": "DL",
      "points": 58.7
    },
    {
      "player_id": "",
      "name": "Michael Pittman",
      "team": "IND",
      "position": "WR",
      "points": 156
    },
    {
      "player_id": "",
      "name": "Kobie Turner",
      "team": "LAR",
      "position": "DL",
      "points": 58.4
    },
    {
      "player_id": "",
      "name": "Blake Cashman",
      "team": "MIN",
      "position": "LB",
      "points": 108
    },
    {
      "player_id": "",
      "name": "Joshua Karty",
      "team": "LAR",
      "position": "K",
      "points": 137
    },
    {
      "player_id": "",
      "name": "49ers",
      "team": "SF",
      "position": "DST",
      "points": 86.4
    },
    {
      "player_id": "",
      "name": "Cowboys",
      "team": "DAL",
      "position": "DST",
      "points": 86.4
    },
    {
      "player_id": "",
      "name": "Cooper Kupp",
      "team": "SEA",
      "position": "WR",
      "points": 156
    },
    {
      "player_id": "",
      "name": "Cam Little",
      "team": "JAC",
      "position": "K",
      "points": 137
    },
    {
      "player_id": "",
      "name": "Byron Young",
      "team": "LAR",
      "position": "DL",
      "points": 57.9
    },
    {
      "player_id": "",
      "name": "Zach Sieler",
      "team": "MIA",
      "position": "DL",
      "points": 57.9
    },
    {
      "player_id": "",
      "name": "Azeez Al-Shaair",
      "team": "HOU",
      "position": "LB",
      "points": 107
    },
    {
      "player_id": "",
      "name": "Seahawks",
      "team": "SEA",
      "position": "DST",
      "points": 86
    },
    {
      "player_id": "",
      "name": "Steelers",
      "team": "PIT",
      "position": "DST",
      "points": 85.8
    },
    {
      "player_id": "",
      "name": "Commanders",
      "team": "WAS",
      "position": "DST",
      "points": 85.7
    },
    {
      "player_id": "",
      "name": "Stefon Diggs",
      "team": "NE",
      "position": "WR",
      "points": 155
    },
    {
      "player_id": "",
      "name": "Giants",
      "team": "NYG",
      "position": "DST",
      "points": 85.5
    },
    {
      "player_id": "",
      "name": "Kyle Van Noy",
      "team": "BAL",
      "position": "DL",
      "points": 57.2
    },
    {
      "player_id": "",
      "name": "Kyle Van Noy",
      "team": "BAL",
      "position": "DL",
      "points": 57.2
    },
    {
      "player_id": "",
      "name": "Chiefs",
      "team": "KC",
      "position": "DST",
      "points": 85.2
    },
    {
      "player_id": "",
      "name": "Lions",
      "team": "DET",
      "position": "DST",
      "points": 85
    },
    {
      "player_id": "",
      "name": "Trevor Lawrence",
      "team": "JAC",
      "position": "QB",
      "points": 285
    },
    {
      "player_id": "",
      "name": "Jack Campbell",
      "team": "DET",
      "position": "LB",
      "points": 106
    },
    {
      "player_id": "",
      "name": "C.J. Stroud",
      "team": "HOU",
      "position": "QB",
      "points": 284
    },
    {
      "player_id": "",
      "name": "Jason Myers",
      "team": "SEA",
      "position": "K",
      "points": 135
    },
    {
      "player_id": "",
      "name": "Coby Bryant",
      "team": "SEA",
      "position": "DB",
      "points": 93.6
    },
    {
      "player_id": "",
      "name": "Jake Moody",
      "team": "SF",
      "position": "K",
      "points": 134
    },
    {
      "player_id": "",
      "name": "Chargers",
      "team": "LAC",
      "position": "DST",
      "points": 83.9
    },
    {
      "player_id": "",
      "name": "Cardinals",
      "team": "ARI",
      "position": "DST",
      "points": 83.8
    },
    {
      "player_id": "",
      "name": "Cade Otton",
      "team": "TB",
      "position": "TE",
      "points": 106
    },
    {
      "player_id": "",
      "name": "Tyrel Dodson",
      "team": "MIA",
      "position": "LB",
      "points": 105
    },
    {
      "player_id": "",
      "name": "Chamarri Conner",
      "team": "KC",
      "position": "DB",
      "points": 92.8
    },
    {
      "player_id": "",
      "name": "Cairo Santos",
      "team": "CHI",
      "position": "K",
      "points": 134
    },
    {
      "player_id": "",
      "name": "Keion White",
      "team": "NE",
      "position": "DL",
      "points": 55.3
    },
    {
      "player_id": "",
      "name": "Keion White",
      "team": "NE",
      "position": "DL",
      "points": 55.3
    },
    {
      "player_id": "",
      "name": "Alex Anzalone",
      "team": "DET",
      "position": "LB",
      "points": 105
    },
    {
      "player_id": "",
      "name": "Browns",
      "team": "CLE",
      "position": "DST",
      "points": 83.4
    },
    {
      "player_id": "",
      "name": "Bengals",
      "team": "CIN",
      "position": "DST",
      "points": 83.2
    },
    {
      "player_id": "",
      "name": "Mike Sainristil",
      "team": "WAS",
      "position": "DB",
      "points": 92.1
    },
    {
      "player_id": "",
      "name": "Chigoziem Okonkwo",
      "team": "TEN",
      "position": "TE",
      "points": 105
    },
    {
      "player_id": "",
      "name": "D.J. Wonnum",
      "team": "CAR",
      "position": "DL",
      "points": 54.6
    },
    {
      "player_id": "",
      "name": "D.J. Wonnum",
      "team": "CAR",
      "position": "DL",
      "points": 54.6
    },
    {
      "player_id": "",
      "name": "Brenton Strange",
      "team": "JAC",
      "position": "TE",
      "points": 105
    },
    {
      "player_id": "",
      "name": "Raiders",
      "team": "LVR",
      "position": "DST",
      "points": 82.6
    },
    {
      "player_id": "",
      "name": "Jacory Croskey-Merritt",
      "team": "WAS",
      "position": "RB",
      "points": 121
    },
    {
      "player_id": "",
      "name": "Tyrique Stevenson",
      "team": "CHI",
      "position": "DB",
      "points": 91.3
    },
    {
      "player_id": "",
      "name": "Chad Ryland",
      "team": "ARI",
      "position": "K",
      "points": 132
    },
    {
      "player_id": "",
      "name": "YaYa Diaby",
      "team": "TB",
      "position": "DL",
      "points": 53.6
    },
    {
      "player_id": "",
      "name": "YaYa Diaby",
      "team": "TB",
      "position": "DL",
      "points": 53.6
    },
    {
      "player_id": "",
      "name": "Buccaneers",
      "team": "TB",
      "position": "DST",
      "points": 81.5
    },
    {
      "player_id": "",
      "name": "Bears",
      "team": "CHI",
      "position": "DST",
      "points": 81.5
    },
    {
      "player_id": "",
      "name": "Josh Sweat",
      "team": "ARI",
      "position": "DL",
      "points": 53.3
    },
    {
      "player_id": "",
      "name": "Josh Sweat",
      "team": "ARI",
      "position": "DL",
      "points": 53.3
    },
    {
      "player_id": "",
      "name": "Edgerrin Cooper",
      "team": "GB",
      "position": "LB",
      "points": 103
    },
    {
      "player_id": "",
      "name": "Patrick Queen",
      "team": "PIT",
      "position": "LB",
      "points": 103
    },
    {
      "player_id": "",
      "name": "Jonathon Cooper",
      "team": "DEN",
      "position": "DL",
      "points": 53.3
    },
    {
      "player_id": "",
      "name": "Jonathon Cooper",
      "team": "DEN",
      "position": "DL",
      "points": 53.3
    },
    {
      "player_id": "",
      "name": "Falcons",
      "team": "ATL",
      "position": "DST",
      "points": 81.3
    },
    {
      "player_id": "",
      "name": "Jordan Addison",
      "team": "MIN",
      "position": "WR",
      "points": 151
    },
    {
      "player_id": "",
      "name": "Spencer Shrader",
      "team": "IND",
      "position": "K",
      "points": 131
    },
    {
      "player_id": "",
      "name": "Demario Davis",
      "team": "NO",
      "position": "LB",
      "points": 102
    },
    {
      "player_id": "",
      "name": "Quincy Williams",
      "team": "NYJ",
      "position": "LB",
      "points": 102
    },
    {
      "player_id": "",
      "name": "Xavier McKinney",
      "team": "GB",
      "position": "DB",
      "points": 90.2
    },
    {
      "player_id": "",
      "name": "Dexter Lawrence",
      "team": "NYG",
      "position": "DL",
      "points": 52.7
    },
    {
      "player_id": "",
      "name": "Jets",
      "team": "NYJ",
      "position": "DST",
      "points": 80.7
    },
    {
      "player_id": "",
      "name": "Colts",
      "team": "IND",
      "position": "DST",
      "points": 80.4
    },
    {
      "player_id": "",
      "name": "Terrel Bernard",
      "team": "BUF",
      "position": "LB",
      "points": 102
    },
    {
      "player_id": "",
      "name": "Dolphins",
      "team": "MIA",
      "position": "DST",
      "points": 79.9
    },
    {
      "player_id": "",
      "name": "Jerome Ford",
      "team": "CLE",
      "position": "RB",
      "points": 118
    },
    {
      "player_id": "",
      "name": "Adam Butler",
      "team": "LVR",
      "position": "DL",
      "points": 51.5
    },
    {
      "player_id": "",
      "name": "Justin Reid",
      "team": "NO",
      "position": "DB",
      "points": 89
    },
    {
      "player_id": "",
      "name": "Alontae Taylor",
      "team": "NO",
      "position": "DB",
      "points": 88.9
    },
    {
      "player_id": "",
      "name": "Quentin Lake",
      "team": "LAR",
      "position": "DB",
      "points": 88.9
    },
    {
      "player_id": "",
      "name": "Calen Bullock",
      "team": "HOU",
      "position": "DB",
      "points": 88.8
    },
    {
      "player_id": "",
      "name": "Tuli Tuipulotu",
      "team": "LAC",
      "position": "DL",
      "points": 51.2
    },
    {
      "player_id": "",
      "name": "Tuli Tuipulotu",
      "team": "LAC",
      "position": "DL",
      "points": 51.2
    },
    {
      "player_id": "",
      "name": "Jordan Love",
      "team": "GB",
      "position": "QB",
      "points": 279
    },
    {
      "player_id": "",
      "name": "Jordan Mason",
      "team": "MIN",
      "position": "RB",
      "points": 117
    },
    {
      "player_id": "",
      "name": "Rachaad White",
      "team": "TB",
      "position": "RB",
      "points": 117
    },
    {
      "player_id": "",
      "name": "Jalen Thompson",
      "team": "ARI",
      "position": "DB",
      "points": 87.9
    },
    {
      "player_id": "",
      "name": "Khalil Shakir",
      "team": "BUF",
      "position": "WR",
      "points": 148
    },
    {
      "player_id": "",
      "name": "Nolan Smith",
      "team": "PHI",
      "position": "DL",
      "points": 50.4
    },
    {
      "player_id": "",
      "name": "Nolan Smith",
      "team": "PHI",
      "position": "DL",
      "points": 50.4
    },
    {
      "player_id": "",
      "name": "Saints",
      "team": "NO",
      "position": "DST",
      "points": 78.3
    },
    {
      "player_id": "",
      "name": "Jayden Reed",
      "team": "GB",
      "position": "WR",
      "points": 148
    },
    {
      "player_id": "",
      "name": "Quay Walker",
      "team": "GB",
      "position": "LB",
      "points": 99.3
    },
    {
      "player_id": "",
      "name": "Jalen Pitre",
      "team": "HOU",
      "position": "DB",
      "points": 87.4
    },
    {
      "player_id": "",
      "name": "Quinnen Williams",
      "team": "NYJ",
      "position": "DL",
      "points": 49.9
    },
    {
      "player_id": "",
      "name": "Tyler Nubin",
      "team": "NYG",
      "position": "DB",
      "points": 87.4
    },
    {
      "player_id": "",
      "name": "Dalton Schultz",
      "team": "HOU",
      "position": "TE",
      "points": 100
    },
    {
      "player_id": "",
      "name": "Kwity Paye",
      "team": "IND",
      "position": "DL",
      "points": 49.8
    },
    {
      "player_id": "",
      "name": "Arden Key",
      "team": "TEN",
      "position": "DL",
      "points": 49.6
    },
    {
      "player_id": "",
      "name": "Emeka Egbuka",
      "team": "TB",
      "position": "WR",
      "points": 148
    },
    {
      "player_id": "",
      "name": "Rashid Shaheed",
      "team": "NO",
      "position": "WR",
      "points": 147
    },
    {
      "player_id": "",
      "name": "Christian Barmore",
      "team": "NE",
      "position": "DL",
      "points": 49.3
    },
    {
      "player_id": "",
      "name": "Pat Freiermuth",
      "team": "PIT",
      "position": "TE",
      "points": 99.4
    },
    {
      "player_id": "",
      "name": "Keon Coleman",
      "team": "BUF",
      "position": "WR",
      "points": 147
    },
    {
      "player_id": "",
      "name": "Mike Gesicki",
      "team": "CIN",
      "position": "TE",
      "points": 99.1
    },
    {
      "player_id": "",
      "name": "Devon Witherspoon",
      "team": "SEA",
      "position": "DB",
      "points": 86.3
    },
    {
      "player_id": "",
      "name": "Jaguars",
      "team": "JAC",
      "position": "DST",
      "points": 77.1
    },
    {
      "player_id": "",
      "name": "Demarcus Lawrence",
      "team": "SEA",
      "position": "DL",
      "points": 48.6
    },
    {
      "player_id": "",
      "name": "Blake Grupe",
      "team": "NO",
      "position": "K",
      "points": 127
    },
    {
      "player_id": "",
      "name": "Chris Godwin",
      "team": "TB",
      "position": "WR",
      "points": 146
    },
    {
      "player_id": "",
      "name": "Braden Fiske",
      "team": "LAR",
      "position": "DL",
      "points": 48.2
    },
    {
      "player_id": "",
      "name": "Cody Barton",
      "team": "TEN",
      "position": "LB",
      "points": 97.4
    },
    {
      "player_id": "",
      "name": "B.J. Hill",
      "team": "CIN",
      "position": "DL",
      "points": 48
    },
    {
      "player_id": "",
      "name": "Eric Murray",
      "team": "JAC",
      "position": "DB",
      "points": 85.5
    },
    {
      "player_id": "",
      "name": "AShawn Robinson",
      "team": "CAR",
      "position": "DL",
      "points": 47.9
    },
    {
      "player_id": "",
      "name": "Titans",
      "team": "TEN",
      "position": "DST",
      "points": 76.1
    },
    {
      "player_id": "",
      "name": "Chris Jones",
      "team": "KC",
      "position": "DL",
      "points": 47.8
    },
    {
      "player_id": "",
      "name": "Cam Skattebo",
      "team": "NYG",
      "position": "RB",
      "points": 114
    },
    {
      "player_id": "",
      "name": "Joe Mixon",
      "team": "HOU",
      "position": "RB",
      "points": 114
    },
    {
      "player_id": "",
      "name": "Byron Murphy",
      "team": "MIN",
      "position": "DB",
      "points": 84.6
    },
    {
      "player_id": "",
      "name": "Tremaine Edmunds",
      "team": "CHI",
      "position": "LB",
      "points": 96.4
    },
    {
      "player_id": "",
      "name": "Talanoa Hufanga",
      "team": "DEN",
      "position": "DB",
      "points": 84.5
    },
    {
      "player_id": "",
      "name": "Deommodore Lenoir",
      "team": "SF",
      "position": "DB",
      "points": 84.4
    },
    {
      "player_id": "",
      "name": "Jonathan Allen",
      "team": "MIN",
      "position": "DL",
      "points": 46.6
    },
    {
      "player_id": "",
      "name": "Zaven Collins",
      "team": "ARI",
      "position": "DL",
      "points": 46.5
    },
    {
      "player_id": "",
      "name": "Grover Stewart",
      "team": "IND",
      "position": "DL",
      "points": 46.5
    },
    {
      "player_id": "",
      "name": "Josh Metellus",
      "team": "MIN",
      "position": "DB",
      "points": 84
    },
    {
      "player_id": "",
      "name": "Rashee Rice",
      "team": "KC",
      "position": "WR",
      "points": 144
    },
    {
      "player_id": "",
      "name": "Jalen Carter",
      "team": "PHI",
      "position": "DL",
      "points": 46.3
    },
    {
      "player_id": "",
      "name": "Boye Mafe",
      "team": "SEA",
      "position": "DL",
      "points": 46.1
    },
    {
      "player_id": "",
      "name": "Boye Mafe",
      "team": "SEA",
      "position": "DL",
      "points": 46.1
    },
    {
      "player_id": "",
      "name": "Jayson Oweh",
      "team": "BAL",
      "position": "DL",
      "points": 46.1
    },
    {
      "player_id": "",
      "name": "Jayson Oweh",
      "team": "BAL",
      "position": "DL",
      "points": 46.1
    },
    {
      "player_id": "",
      "name": "Josh Downs",
      "team": "IND",
      "position": "WR",
      "points": 144
    },
    {
      "player_id": "",
      "name": "Carson Schwesinger",
      "team": "CLE",
      "position": "LB",
      "points": 94.9
    },
    {
      "player_id": "",
      "name": "Taron Johnson",
      "team": "BUF",
      "position": "DB",
      "points": 83
    },
    {
      "player_id": "",
      "name": "Juwan Johnson",
      "team": "NO",
      "position": "TE",
      "points": 95.7
    },
    {
      "player_id": "",
      "name": "Amani Hooker",
      "team": "TEN",
      "position": "DB",
      "points": 82.8
    },
    {
      "player_id": "",
      "name": "Kamren Curl",
      "team": "LAR",
      "position": "DB",
      "points": 82.7
    },
    {
      "player_id": "",
      "name": "Mason Taylor",
      "team": "NYJ",
      "position": "TE",
      "points": 95.4
    },
    {
      "player_id": "",
      "name": "Andres Borregales",
      "team": "NE",
      "position": "K",
      "points": 124
    },
    {
      "player_id": "",
      "name": "Zyon McCollum",
      "team": "TB",
      "position": "DB",
      "points": 82.7
    },
    {
      "player_id": "",
      "name": "Frankie Luvu",
      "team": "WAS",
      "position": "LB",
      "points": 94.4
    },
    {
      "player_id": "",
      "name": "Tony Adams",
      "team": "NYJ",
      "position": "DB",
      "points": 82.6
    },
    {
      "player_id": "",
      "name": "Patriots",
      "team": "NE",
      "position": "DST",
      "points": 73
    },
    {
      "player_id": "",
      "name": "Marlon Humphrey",
      "team": "BAL",
      "position": "DB",
      "points": 81.8
    },
    {
      "player_id": "",
      "name": "Tykee Smith",
      "team": "TB",
      "position": "DB",
      "points": 81.6
    },
    {
      "player_id": "",
      "name": "Darren Waller",
      "team": "MIA",
      "position": "TE",
      "points": 94.3
    },
    {
      "player_id": "",
      "name": "Jaylon Jones",
      "team": "IND",
      "position": "DB",
      "points": 81.4
    },
    {
      "player_id": "",
      "name": "Paulson Adebo",
      "team": "NYG",
      "position": "DB",
      "points": 81.3
    },
    {
      "player_id": "",
      "name": "Panthers",
      "team": "CAR",
      "position": "DST",
      "points": 71.8
    },
    {
      "player_id": "",
      "name": "Isaiah Pola-Mao",
      "team": "LVR",
      "position": "DB",
      "points": 81.1
    },
    {
      "player_id": "",
      "name": "Nick Folk",
      "team": "NYJ",
      "position": "K",
      "points": 122
    },
    {
      "player_id": "",
      "name": "Joey Slye",
      "team": "TEN",
      "position": "K",
      "points": 122
    },
    {
      "player_id": "",
      "name": "Bryce Young",
      "team": "CAR",
      "position": "QB",
      "points": 271
    },
    {
      "player_id": "",
      "name": "Bryce Young",
      "team": "CAR",
      "position": "QB",
      "points": 271
    },
    {
      "player_id": "",
      "name": "Kenny Moore",
      "team": "IND",
      "position": "DB",
      "points": 80.5
    },
    {
      "player_id": "",
      "name": "Jason Sanders",
      "team": "MIA",
      "position": "K",
      "points": 122
    },
    {
      "player_id": "",
      "name": "Christian Rozeboom",
      "team": "CAR",
      "position": "LB",
      "points": 92.3
    },
    {
      "player_id": "",
      "name": "Xavier Woods",
      "team": "TEN",
      "position": "DB",
      "points": 80.2
    },
    {
      "player_id": "",
      "name": "Nate Landman",
      "team": "LAR",
      "position": "LB",
      "points": 92
    },
    {
      "player_id": "",
      "name": "Renardo Green",
      "team": "SF",
      "position": "DB",
      "points": 80
    },
    {
      "player_id": "",
      "name": "Tank Bigsby",
      "team": "JAC",
      "position": "RB",
      "points": 109
    },
    {
      "player_id": "",
      "name": "Tyler Higbee",
      "team": "LAR",
      "position": "TE",
      "points": 92.3
    },
    {
      "player_id": "",
      "name": "Graham Gano",
      "team": "NYG",
      "position": "K",
      "points": 120
    },
    {
      "player_id": "",
      "name": "Donovan Wilson",
      "team": "DAL",
      "position": "DB",
      "points": 78.8
    },
    {
      "player_id": "",
      "name": "Isaiah Likely",
      "team": "BAL",
      "position": "TE",
      "points": 91.4
    },
    {
      "player_id": "",
      "name": "L'Jarius Sneed",
      "team": "TEN",
      "position": "DB",
      "points": 78.7
    },
    {
      "player_id": "",
      "name": "Nick Chubb",
      "team": "HOU",
      "position": "RB",
      "points": 108
    },
    {
      "player_id": "",
      "name": "Ryan Fitzgerald",
      "team": "CAR",
      "position": "K",
      "points": 120
    },
    {
      "player_id": "",
      "name": "Geno Smith",
      "team": "LVR",
      "position": "QB",
      "points": 269
    },
    {
      "player_id": "",
      "name": "Daxton Hill",
      "team": "CIN",
      "position": "DB",
      "points": 78
    },
    {
      "player_id": "",
      "name": "Keisean Nixon",
      "team": "GB",
      "position": "DB",
      "points": 77.7
    },
    {
      "player_id": "",
      "name": "Cam Taylor-Britt",
      "team": "CIN",
      "position": "DB",
      "points": 77.6
    },
    {
      "player_id": "",
      "name": "Theo Johnson",
      "team": "NYG",
      "position": "TE",
      "points": 90.3
    },
    {
      "player_id": "",
      "name": "Cooper DeJean",
      "team": "PHI",
      "position": "DB",
      "points": 77.5
    },
    {
      "player_id": "",
      "name": "Alohi Gilman",
      "team": "LAC",
      "position": "DB",
      "points": 77.1
    },
    {
      "player_id": "",
      "name": "Matthew Stafford",
      "team": "LAR",
      "position": "QB",
      "points": 267
    },
    {
      "player_id": "",
      "name": "Darnell Mooney",
      "team": "ATL",
      "position": "WR",
      "points": 137
    },
    {
      "player_id": "",
      "name": "Will Harris",
      "team": "WAS",
      "position": "DB",
      "points": 76.2
    },
    {
      "player_id": "",
      "name": "Tua Tagovailoa",
      "team": "MIA",
      "position": "QB",
      "points": 267
    },
    {
      "player_id": "",
      "name": "Robbie Ouzts",
      "team": "SEA",
      "position": "TE",
      "points": 88.7
    },
    {
      "player_id": "",
      "name": "Harrison Smith",
      "team": "MIN",
      "position": "DB",
      "points": 75.8
    },
    {
      "player_id": "",
      "name": "Michael Penix Jr.",
      "team": "ATL",
      "position": "QB",
      "points": 266
    },
    {
      "player_id": "",
      "name": "Quinshon Judkins",
      "team": "CLE",
      "position": "RB",
      "points": 104
    },
    {
      "player_id": "",
      "name": "Tyrice Knight",
      "team": "SEA",
      "position": "LB",
      "points": 86.5
    },
    {
      "player_id": "",
      "name": "Najee Harris",
      "team": "LAC",
      "position": "RB",
      "points": 104
    },
    {
      "player_id": "",
      "name": "Tyler Bass",
      "team": "BUF",
      "position": "K",
      "points": 115
    },
    {
      "player_id": "",
      "name": "Trey Benson",
      "team": "ARI",
      "position": "RB",
      "points": 102
    },
    {
      "player_id": "",
      "name": "Keenan Allen",
      "team": "LAC",
      "position": "WR",
      "points": 133
    },
    {
      "player_id": "",
      "name": "Marvin Mims",
      "team": "DEN",
      "position": "WR",
      "points": 133
    },
    {
      "player_id": "",
      "name": "Devin Lloyd",
      "team": "JAC",
      "position": "LB",
      "points": 84.1
    },
    {
      "player_id": "",
      "name": "Dre Greenlaw",
      "team": "DEN",
      "position": "LB",
      "points": 83.6
    },
    {
      "player_id": "",
      "name": "Micah McFadden",
      "team": "NYG",
      "position": "LB",
      "points": 82.7
    },
    {
      "player_id": "",
      "name": "Elijah Arroyo",
      "team": "SEA",
      "position": "TE",
      "points": 83
    },
    {
      "player_id": "",
      "name": "Germaine Pratt",
      "team": "LVR",
      "position": "LB",
      "points": 81.1
    },
    {
      "player_id": "",
      "name": "Pete Werner",
      "team": "NO",
      "position": "LB",
      "points": 80.2
    },
    {
      "player_id": "",
      "name": "Andre Szmyt",
      "team": "CLE",
      "position": "K",
      "points": 109
    },
    {
      "player_id": "",
      "name": "Mack Wilson",
      "team": "ARI",
      "position": "LB",
      "points": 79.7
    },
    {
      "player_id": "",
      "name": "Rashod Bateman",
      "team": "BAL",
      "position": "WR",
      "points": 128
    },
    {
      "player_id": "",
      "name": "Ray Davis",
      "team": "BUF",
      "position": "RB",
      "points": 96.2
    },
    {
      "player_id": "",
      "name": "Nakobe Dean",
      "team": "PHI",
      "position": "LB",
      "points": 78.7
    },
    {
      "player_id": "",
      "name": "Cam Ward",
      "team": "TEN",
      "position": "QB",
      "points": 257
    },
    {
      "player_id": "",
      "name": "Sam Darnold",
      "team": "SEA",
      "position": "QB",
      "points": 257
    },
    {
      "player_id": "",
      "name": "Drue Tranquill",
      "team": "KC",
      "position": "LB",
      "points": 77.8
    },
    {
      "player_id": "",
      "name": "Ja'Tavion Sanders",
      "team": "CAR",
      "position": "TE",
      "points": 78.3
    },
    {
      "player_id": "",
      "name": "Tyler Allgeier",
      "team": "ATL",
      "position": "RB",
      "points": 94.2
    },
    {
      "player_id": "",
      "name": "Xavier Legette",
      "team": "CAR",
      "position": "WR",
      "points": 125
    },
    {
      "player_id": "",
      "name": "Dylan Sampson",
      "team": "CLE",
      "position": "RB",
      "points": 93.5
    },
    {
      "player_id": "",
      "name": "Henry To'oTo'o",
      "team": "HOU",
      "position": "LB",
      "points": 75.2
    },
    {
      "player_id": "",
      "name": "Kareem Hunt",
      "team": "KC",
      "position": "RB",
      "points": 92.6
    },
    {
      "player_id": "",
      "name": "Rico Dowdle",
      "team": "CAR",
      "position": "RB",
      "points": 92.2
    },
    {
      "player_id": "",
      "name": "Braelon Allen",
      "team": "NYJ",
      "position": "RB",
      "points": 92.2
    },
    {
      "player_id": "",
      "name": "Elandon Roberts",
      "team": "LVR",
      "position": "LB",
      "points": 74.7
    },
    {
      "player_id": "",
      "name": "Ivan Pace",
      "team": "MIN",
      "position": "LB",
      "points": 74.7
    },
    {
      "player_id": "",
      "name": "Tyjae Spears",
      "team": "TEN",
      "position": "RB",
      "points": 91.7
    },
    {
      "player_id": "",
      "name": "Cedric Tillman",
      "team": "CLE",
      "position": "WR",
      "points": 121
    },
    {
      "player_id": "",
      "name": "Will Dissly",
      "team": "LAC",
      "position": "TE",
      "points": 72.8
    },
    {
      "player_id": "",
      "name": "Marquise Brown",
      "team": "KC",
      "position": "WR",
      "points": 120
    },
    {
      "player_id": "",
      "name": "Trevin Wallace",
      "team": "CAR",
      "position": "LB",
      "points": 71
    },
    {
      "player_id": "",
      "name": "Aaron Rodgers",
      "team": "PIT",
      "position": "QB",
      "points": 249
    },
    {
      "player_id": "",
      "name": "Noah Fant",
      "team": "CIN",
      "position": "TE",
      "points": 69.6
    },
    {
      "player_id": "",
      "name": "Wan'Dale Robinson",
      "team": "NYG",
      "position": "WR",
      "points": 117
    },
    {
      "player_id": "",
      "name": "Brian Robinson",
      "team": "SF",
      "position": "RB",
      "points": 85.8
    },
    {
      "player_id": "",
      "name": "Dee Winters",
      "team": "SF",
      "position": "LB",
      "points": 68.1
    },
    {
      "player_id": "",
      "name": "Demetrius Knight",
      "team": "CIN",
      "position": "LB",
      "points": 67.6
    },
    {
      "player_id": "",
      "name": "Trenton Simpson",
      "team": "BAL",
      "position": "LB",
      "points": 67.3
    },
    {
      "player_id": "",
      "name": "Cameron McGrone",
      "team": "IND",
      "position": "LB",
      "points": 67.2
    },
    {
      "player_id": "",
      "name": "Demario Douglas",
      "team": "NE",
      "position": "WR",
      "points": 115
    },
    {
      "player_id": "",
      "name": "Jayden Higgins",
      "team": "HOU",
      "position": "WR",
      "points": 114
    },
    {
      "player_id": "",
      "name": "Kenneth Murray",
      "team": "DAL",
      "position": "LB",
      "points": 65.1
    },
    {
      "player_id": "",
      "name": "Matt Milano",
      "team": "BUF",
      "position": "LB",
      "points": 64.9
    },
    {
      "player_id": "",
      "name": "Akeem Davis-Gaither",
      "team": "ARI",
      "position": "LB",
      "points": 64.4
    },
    {
      "player_id": "",
      "name": "Romeo Doubs",
      "team": "GB",
      "position": "WR",
      "points": 113
    },
    {
      "player_id": "",
      "name": "Quentin Johnston",
      "team": "LAC",
      "position": "WR",
      "points": 113
    },
    {
      "player_id": "",
      "name": "Payton Wilson",
      "team": "PIT",
      "position": "LB",
      "points": 63.8
    },
    {
      "player_id": "",
      "name": "Brandon Aiyuk",
      "team": "SF",
      "position": "WR",
      "points": 111
    },
    {
      "player_id": "",
      "name": "James Williams",
      "team": "TEN",
      "position": "LB",
      "points": 62.1
    },
    {
      "player_id": "",
      "name": "James Williams",
      "team": "TEN",
      "position": "LB",
      "points": 62.1
    },
    {
      "player_id": "",
      "name": "Marist Liufau",
      "team": "DAL",
      "position": "LB",
      "points": 61.4
    },
    {
      "player_id": "",
      "name": "Justice Hill",
      "team": "BAL",
      "position": "RB",
      "points": 78.7
    },
    {
      "player_id": "",
      "name": "Jack Sanborn",
      "team": "DAL",
      "position": "LB",
      "points": 61.3
    },
    {
      "player_id": "",
      "name": "Bhayshul Tuten",
      "team": "JAC",
      "position": "RB",
      "points": 77.7
    },
    {
      "player_id": "",
      "name": "Nick Martin",
      "team": "SF",
      "position": "LB",
      "points": 60
    },
    {
      "player_id": "",
      "name": "Audric Estime",
      "team": "FA",
      "position": "RB",
      "points": 74.3
    },
    {
      "player_id": "",
      "name": "Christian Kirk",
      "team": "HOU",
      "position": "WR",
      "points": 105
    },
    {
      "player_id": "",
      "name": "Adam Thielen",
      "team": "MIN",
      "position": "WR",
      "points": 104
    },
    {
      "player_id": "",
      "name": "Michael Wilson",
      "team": "ARI",
      "position": "WR",
      "points": 104
    },
    {
      "player_id": "",
      "name": "Jaydon Blue",
      "team": "DAL",
      "position": "RB",
      "points": 72.1
    },
    {
      "player_id": "",
      "name": "Woody Marks",
      "team": "HOU",
      "position": "RB",
      "points": 70.3
    },
    {
      "player_id": "",
      "name": "Roschon Johnson",
      "team": "CHI",
      "position": "RB",
      "points": 70
    },
    {
      "player_id": "",
      "name": "Kendre Miller",
      "team": "NO",
      "position": "RB",
      "points": 67.7
    },
    {
      "player_id": "",
      "name": "Josh Palmer",
      "team": "BUF",
      "position": "WR",
      "points": 96.3
    },
    {
      "player_id": "",
      "name": "Kenneth Gainwell",
      "team": "PIT",
      "position": "RB",
      "points": 65
    },
    {
      "player_id": "",
      "name": "Antonio Gibson",
      "team": "NE",
      "position": "RB",
      "points": 64.8
    },
    {
      "player_id": "",
      "name": "Ollie Gordon",
      "team": "MIA",
      "position": "RB",
      "points": 64.4
    },
    {
      "player_id": "",
      "name": "Luther Burden",
      "team": "CHI",
      "position": "WR",
      "points": 95.5
    },
    {
      "player_id": "",
      "name": "Darius Slayton",
      "team": "NYG",
      "position": "WR",
      "points": 95.4
    },
    {
      "player_id": "",
      "name": "Alec Pierce",
      "team": "IND",
      "position": "WR",
      "points": 94.3
    },
    {
      "player_id": "",
      "name": "Gus Edwards",
      "team": "FA",
      "position": "RB",
      "points": 62.3
    },
    {
      "player_id": "",
      "name": "Jaylen Wright",
      "team": "MIA",
      "position": "RB",
      "points": 62
    },
    {
      "player_id": "",
      "name": "Ty Johnson",
      "team": "BUF",
      "position": "RB",
      "points": 61.8
    },
    {
      "player_id": "",
      "name": "Tyler Lockett",
      "team": "TEN",
      "position": "WR",
      "points": 92.6
    },
    {
      "player_id": "",
      "name": "Khalil Herbert",
      "team": "FA",
      "position": "RB",
      "points": 59.8
    },
    {
      "player_id": "",
      "name": "Blake Corum",
      "team": "LAR",
      "position": "RB",
      "points": 58.8
    },
    {
      "player_id": "",
      "name": "Kimani Vidal",
      "team": "FA",
      "position": "RB",
      "points": 58.2
    },
    {
      "player_id": "",
      "name": "Raheem Mostert",
      "team": "LVR",
      "position": "RB",
      "points": 58.1
    },
    {
      "player_id": "",
      "name": "Cam Akers",
      "team": "FA",
      "position": "RB",
      "points": 56.9
    },
    {
      "player_id": "",
      "name": "Daniel Jones",
      "team": "IND",
      "position": "QB",
      "points": 207
    },
    {
      "player_id": "",
      "name": "Russell Wilson",
      "team": "NYG",
      "position": "QB",
      "points": 193
    },
    {
      "player_id": "",
      "name": "Spencer Rattler",
      "team": "NO",
      "position": "QB",
      "points": 171
    },
    {
      "player_id": "",
      "name": "Joe Flacco",
      "team": "CLE",
      "position": "QB",
      "points": 143
    },
    {
      "player_id": "",
      "name": "Anthony Richardson",
      "team": "IND",
      "position": "QB",
      "points": 115
    },
    {
      "player_id": "",
      "name": "Tyler Shough",
      "team": "NO",
      "position": "QB",
      "points": 85.5
    },
    {
      "player_id": "",
      "name": "Deshaun Watson",
      "team": "CLE",
      "position": "QB",
      "points": 69.4
    },
    {
      "player_id": "",
      "name": "Jaxson Dart",
      "team": "NYG",
      "position": "QB",
      "points": 68.2
    }
  ],
  "by_id": {},
  "by_name": {
    "bijan robinson": 305,
    "saquon barkley": 299,
    "jahmyr gibbs": 289,
    "derrick henry": 266,
    "jamarr chase": 296,
    "christian mccaffrey": 264,
    "devon achane": 258,
    "josh jacobs": 253,
    "ashton jeanty": 251,
    "jonathan taylor": 248,
    "kyren williams": 246,
    "bucky irving": 244,
    "chase brown": 239,
    "justin jefferson": 261,
    "james cook": 228,
    "ceedee lamb": 257,
    "josh allen": 61.4,
    "brock bowers": 205,
    "alvin kamara": 217,
    "malik nabers": 247,
    "lamar jackson": 377,
    "trey mcbride": 198,
    "puka nacua": 246,
    "chuba hubbard": 213,
    "omarion hampton": 211,
    "james conner": 211,
    "amonra st brown": 242,
    "breece hall": 209,
    "nico collins": 238,
    "brian thomas": 238,
    "jayden daniels": 367,
    "kenneth walker": 203,
    "george kittle": 186,
    "treveyon henderson": 198,
    "jalen hurts": 357,
    "drake london": 225,
    "dandre swift": 193,
    "tony pollard": 188,
    "aj brown": 219,
    "joe burrow": 348,
    "tyreek hill": 216,
    "aaron jones": 184,
    "david montgomery": 181,
    "ladd mcconkey": 211,
    "tee higgins": 209,
    "rj harvey": 178,
    "sam laporta": 159,
    "tyrone tracy": 175,
    "mike evans": 206,
    "terry mclaurin": 206,
    "davante adams": 204,
    "jaxon smithnjigba": 204,
    "isiah pacheco": 171,
    "jaylen warren": 169,
    "patrick mahomes": 329,
    "marvin harrison": 197,
    "dk metcalf": 195,
    "garrett wilson": 195,
    "mark andrews": 145,
    "dj moore": 193,
    "baker mayfield": 322,
    "courtland sutton": 192,
    "tj hockenson": 143,
    "kyler murray": 320,
    "travis kelce": 141,
    "zay flowers": 189,
    "calvin ridley": 187,
    "david njoku": 138,
    "jameson williams": 185,
    "tetairoa mcmillan": 185,
    "brian branch": 124,
    "bo nix": 314,
    "devonta smith": 183,
    "javonte williams": 151,
    "aidan hutchinson": 84.2,
    "kaleb johnson": 151,
    "jerry jeudy": 181,
    "maxx crosby": 83.4,
    "tyler warren": 132,
    "brock purdy": 310,
    "austin ekeler": 149,
    "zack baun": 130,
    "brandon aubrey": 158,
    "budda baker": 116,
    "evan engram": 128,
    "george pickens": 175,
    "andrew van ginkel": 76.7,
    "travis hunter": 174,
    "kyle hamilton": 114,
    "xavier worthy": 174,
    "justin fields": 304,
    "tucker kraft": 125,
    "zaire franklin": 123,
    "jessie bates": 111,
    "deebo samuel": 171,
    "tj watt": 72.6,
    "alex singleton": 122,
    "chase mclaughlin": 150,
    "rome odunze": 170,
    "trey hendrickson": 71.4,
    "robert spillane": 121,
    "jaylen waddle": 169,
    "reed blankenship": 109,
    "jk dobbins": 138,
    "jakobi meyers": 169,
    "julian love": 108,
    "roquan smith": 120,
    "jonathan greenard": 70.4,
    "travis etienne": 137,
    "nick bosa": 69.8,
    "kerby joseph": 107,
    "jake bates": 148,
    "kaden elliss": 119,
    "fred warner": 119,
    "kevin byard": 107,
    "kaimi fairbairn": 148,
    "daiyan henley": 118,
    "matt gay": 147,
    "cameron dicker": 147,
    "antoine winfield": 106,
    "broncos": 96.9,
    "jake elliott": 147,
    "justin herbert": 296,
    "micah parsons": 68.2,
    "foyesade oluokun": 117,
    "rhamondre stevenson": 135,
    "deforest buckner": 67.8,
    "colston loveland": 118,
    "texans": 96,
    "caleb williams": 296,
    "zach charbonnet": 134,
    "chris olave": 166,
    "dallas goedert": 118,
    "harrison butker": 146,
    "ravens": 95.9,
    "nik bonitto": 67.6,
    "ernest jones": 117,
    "nick cross": 105,
    "jake ferguson": 118,
    "jeffery simmons": 67.2,
    "chris boswell": 146,
    "bradley chubb": 67.1,
    "brian burns": 67.1,
    "myles garrett": 66.9,
    "kyle pitts": 117,
    "deshon elliott": 104,
    "danielle hunter": 65.9,
    "eagles": 93.9,
    "alex highsmith": 65.2,
    "evan mcpherson": 144,
    "dalton kincaid": 115,
    "jamien sherwood": 114,
    "anfernee jennings": 64.7,
    "wil lutz": 143,
    "jordan battle": 102,
    "leonard williams": 64.3,
    "trevon moehrig": 102,
    "jeremy chinn": 101,
    "tyler loop": 142,
    "derwin james": 101,
    "gregory rousseau": 63.7,
    "will anderson": 63.7,
    "hunter henry": 114,
    "harold landry": 63.6,
    "jared goff": 291,
    "jordyn brooks": 113,
    "derrick brown": 63.3,
    "zach ertz": 113,
    "younghoe koo": 141,
    "dak prescott": 291,
    "brandon jones": 100,
    "matthew golden": 160,
    "vikings": 90.6,
    "jj mccarthy": 290,
    "rams": 90.5,
    "jauan jennings": 160,
    "jaelan phillips": 62,
    "grant delpit": 99.4,
    "brandon mcmanus": 140,
    "jaquan brisker": 99.2,
    "cameron heyward": 61.7,
    "camryn bynum": 99.1,
    "ricky pearsall": 160,
    "packers": 89.6,
    "logan wilson": 111,
    "jared verse": 61.4,
    "zach allen": 61.3,
    "julian blackmon": 98.1,
    "lavonte david": 110,
    "bills": 88.6,
    "will reichard": 139,
    "travon walker": 60.2,
    "daniel carlson": 139,
    "nick bolton": 109,
    "bobby wagner": 109,
    "tj edwards": 109,
    "george karlaftis": 59.8,
    "drake maye": 288,
    "jermaine johnson": 59.6,
    "bobby okereke": 109,
    "jonnu smith": 109,
    "carl granderson": 59.1,
    "khalil mack": 58.7,
    "michael pittman": 156,
    "kobie turner": 58.4,
    "blake cashman": 108,
    "joshua karty": 137,
    "49ers": 86.4,
    "cowboys": 86.4,
    "cooper kupp": 156,
    "cam little": 137,
    "byron young": 57.9,
    "zach sieler": 57.9,
    "azeez alshaair": 107,
    "seahawks": 86,
    "steelers": 85.8,
    "commanders": 85.7,
    "stefon diggs": 155,
    "giants": 85.5,
    "kyle van noy": 57.2,
    "chiefs": 85.2,
    "lions": 85,
    "trevor lawrence": 285,
    "jack campbell": 106,
    "cj stroud": 284,
    "jason myers": 135,
    "coby bryant": 93.6,
    "jake moody": 134,
    "chargers": 83.9,
    "cardinals": 83.8,
    "cade otton": 106,
    "tyrel dodson": 105,
    "chamarri conner": 92.8,
    "cairo santos": 134,
    "keion white": 55.3,
    "alex anzalone": 105,
    "browns": 83.4,
    "bengals": 83.2,
    "mike sainristil": 92.1,
    "chigoziem okonkwo": 105,
    "dj wonnum": 54.6,
    "brenton strange": 105,
    "raiders": 82.6,
    "jacory croskeymerritt": 121,
    "tyrique stevenson": 91.3,
    "chad ryland": 132,
    "yaya diaby": 53.6,
    "buccaneers": 81.5,
    "bears": 81.5,
    "josh sweat": 53.3,
    "edgerrin cooper": 103,
    "patrick queen": 103,
    "jonathon cooper": 53.3,
    "falcons": 81.3,
    "jordan addison": 151,
    "spencer shrader": 131,
    "demario davis": 102,
    "quincy williams": 102,
    "xavier mckinney": 90.2,
    "dexter lawrence": 52.7,
    "jets": 80.7,
    "colts": 80.4,
    "terrel bernard": 102,
    "dolphins": 79.9,
    "jerome ford": 118,
    "adam butler": 51.5,
    "justin reid": 89,
    "alontae taylor": 88.9,
    "quentin lake": 88.9,
    "calen bullock": 88.8,
    "tuli tuipulotu": 51.2,
    "jordan love": 279,
    "jordan mason": 117,
    "rachaad white": 117,
    "jalen thompson": 87.9,
    "khalil shakir": 148,
    "nolan smith": 50.4,
    "saints": 78.3,
    "jayden reed": 148,
    "quay walker": 99.3,
    "jalen pitre": 87.4,
    "quinnen williams": 49.9,
    "tyler nubin": 87.4,
    "dalton schultz": 100,
    "kwity paye": 49.8,
    "arden key": 49.6,
    "emeka egbuka": 148,
    "rashid shaheed": 147,
    "christian barmore": 49.3,
    "pat freiermuth": 99.4,
    "keon coleman": 147,
    "mike gesicki": 99.1,
    "devon witherspoon": 86.3,
    "jaguars": 77.1,
    "demarcus lawrence": 48.6,
    "blake grupe": 127,
    "chris godwin": 146,
    "braden fiske": 48.2,
    "cody barton": 97.4,
    "bj hill": 48,
    "eric murray": 85.5,
    "ashawn robinson": 47.9,
    "titans": 76.1,
    "chris jones": 47.8,
    "cam skattebo": 114,
    "joe mixon": 114,
    "byron murphy": 84.6,
    "tremaine edmunds": 96.4,
    "talanoa hufanga": 84.5,
    "deommodore lenoir": 84.4,
    "jonathan allen": 46.6,
    "zaven collins": 46.5,
    "grover stewart": 46.5,
    "josh metellus": 84,
    "rashee rice": 144,
    "jalen carter": 46.3,
    "boye mafe": 46.1,
    "jayson oweh": 46.1,
    "josh downs": 144,
    "carson schwesinger": 94.9,
    "taron johnson": 83,
    "juwan johnson": 95.7,
    "amani hooker": 82.8,
    "kamren curl": 82.7,
    "mason taylor": 95.4,
    "andres borregales": 124,
    "zyon mccollum": 82.7,
    "frankie luvu": 94.4,
    "tony adams": 82.6,
    "patriots": 73,
    "marlon humphrey": 81.8,
    "tykee smith": 81.6,
    "darren waller": 94.3,
    "jaylon jones": 81.4,
    "paulson adebo": 81.3,
    "panthers": 71.8,
    "isaiah polamao": 81.1,
    "nick folk": 122,
    "joey slye": 122,
    "bryce young": 271,
    "kenny moore": 80.5,
    "jason sanders": 122,
    "christian rozeboom": 92.3,
    "xavier woods": 80.2,
    "nate landman": 92,
    "renardo green": 80,
    "tank bigsby": 109,
    "tyler higbee": 92.3,
    "graham gano": 120,
    "donovan wilson": 78.8,
    "isaiah likely": 91.4,
    "ljarius sneed": 78.7,
    "nick chubb": 108,
    "ryan fitzgerald": 120,
    "geno smith": 269,
    "daxton hill": 78,
    "keisean nixon": 77.7,
    "cam taylorbritt": 77.6,
    "theo johnson": 90.3,
    "cooper dejean": 77.5,
    "alohi gilman": 77.1,
    "matthew stafford": 267,
    "darnell mooney": 137,
    "will harris": 76.2,
    "tua tagovailoa": 267,
    "robbie ouzts": 88.7,
    "harrison smith": 75.8,
    "michael penix": 266,
    "quinshon judkins": 104,
    "tyrice knight": 86.5,
    "najee harris": 104,
    "tyler bass": 115,
    "trey benson": 102,
    "keenan allen": 133,
    "marvin mims": 133,
    "devin lloyd": 84.1,
    "dre greenlaw": 83.6,
    "micah mcfadden": 82.7,
    "elijah arroyo": 83,
    "germaine pratt": 81.1,
    "pete werner": 80.2,
    "andre szmyt": 109,
    "mack wilson": 79.7,
    "rashod bateman": 128,
    "ray davis": 96.2,
    "nakobe dean": 78.7,
    "cam ward": 257,
    "sam darnold": 257,
    "drue tranquill": 77.8,
    "jatavion sanders": 78.3,
    "tyler allgeier": 94.2,
    "xavier legette": 125,
    "dylan sampson": 93.5,
    "henry tootoo": 75.2,
    "kareem hunt": 92.6,
    "rico dowdle": 92.2,
    "braelon allen": 92.2,
    "elandon roberts": 74.7,
    "ivan pace": 74.7,
    "tyjae spears": 91.7,
    "cedric tillman": 121,
    "will dissly": 72.8,
    "marquise brown": 120,
    "trevin wallace": 71,
    "aaron rodgers": 249,
    "noah fant": 69.6,
    "wandale robinson": 117,
    "brian robinson": 85.8,
    "dee winters": 68.1,
    "demetrius knight": 67.6,
    "trenton simpson": 67.3,
    "cameron mcgrone": 67.2,
    "demario douglas": 115,
    "jayden higgins": 114,
    "kenneth murray": 65.1,
    "matt milano": 64.9,
    "akeem davisgaither": 64.4,
    "romeo doubs": 113,
    "quentin johnston": 113,
    "payton wilson": 63.8,
    "brandon aiyuk": 111,
    "james williams": 62.1,
    "marist liufau": 61.4,
    "justice hill": 78.7,
    "jack sanborn": 61.3,
    "bhayshul tuten": 77.7,
    "nick martin": 60,
    "audric estime": 74.3,
    "christian kirk": 105,
    "adam thielen": 104,
    "michael wilson": 104,
    "jaydon blue": 72.1,
    "woody marks": 70.3,
    "roschon johnson": 70,
    "kendre miller": 67.7,
    "josh palmer": 96.3,
    "kenneth gainwell": 65,
    "antonio gibson": 64.8,
    "ollie gordon": 64.4,
    "luther burden": 95.5,
    "darius slayton": 95.4,
    "alec pierce": 94.3,
    "gus edwards": 62.3,
    "jaylen wright": 62,
    "ty johnson": 61.8,
    "tyler lockett": 92.6,
    "khalil herbert": 59.8,
    "blake corum": 58.8,
    "kimani vidal": 58.2,
    "raheem mostert": 58.1,
    "cam akers": 56.9,
    "daniel jones": 207,
    "russell wilson": 193,
    "spencer rattler": 171,
    "joe flacco": 143,
    "anthony richardson": 115,
    "tyler shough": 85.5,
    "deshaun watson": 69.4,
    "jaxson dart": 68.2
  }
}