{
  "Ja'Marr Chase": {
    "pos": "WR",
    "team": "CIN",
    "one_qb": 10232,
    "superflex": 9055
  },
  "Jaxon Smith-Njigba": {
    "pos": "WR",
    "team": "SEA",
    "one_qb": 9558,
    "superflex": 8204
  },
  "Bijan Robinson": {
    "pos": "RB",
    "team": "ATL",
    "one_qb": 9446,
    "superflex": 7791
  },
  "Justin Jefferson": {
    "pos": "WR",
    "team": "MIN",
    "one_qb": 9380,
    "superflex": 8243
  },
  "CeeDee Lamb": {
    "pos": "WR",
    "team": "DAL",
    "one_qb": 9358,
    "superflex": 7976
  },
  "Puka Nacua": {
    "pos": "WR",
    "team": "LAR",
    "one_qb": 9205,
    "superflex": 7846
  },
  "Jahmyr Gibbs": {
    "pos": "RB",
    "team": "DET",
    "one_qb": 8991,
    "superflex": 7125
  },
  "Amon-Ra St. Brown": {
    "pos": "WR",
    "team": "DET",
    "one_qb": 8907,
    "superflex": 7381
  },
  "Malik Nabers": {
    "pos": "WR",
    "team": "NYG",
    "one_qb": 8185,
    "superflex": 6247
  },
  "Ashton Jeanty": {
    "pos": "RB",
    "team": "LV",
    "one_qb": 8070,
    "superflex": 6203
  },
  "Drake London": {
    "pos": "WR",
    "team": "ATL",
    "one_qb": 7346,
    "superflex": 5713
  },
  "James Cook III": {
    "pos": "RB",
    "team": "BUF",
    "one_qb": 7075,
    "superflex": 5213
  },
  "Josh Allen": {
    "pos": "QB",
    "team": "BUF",
    "one_qb": 6846,
    "superflex": 10208
  },
  "Garrett Wilson": {
    "pos": "WR",
    "team": "NYJ",
    "one_qb": 6798,
    "superflex": 5152
  },
  "Jonathan Taylor": {
    "pos": "RB",
    "team": "IND",
    "one_qb": 6782,
    "superflex": 5032
  },
  "Omarion Hampton": {
    "pos": "RB",
    "team": "LAC",
    "one_qb": 6625,
    "superflex": 4904
  },
  "Nico Collins": {
    "pos": "WR",
    "team": "HOU",
    "one_qb": 6609,
    "superflex": 4869
  },
  "De'Von Achane": {
    "pos": "RB",
    "team": "MIA",
    "one_qb": 6425,
    "superflex": 4973
  },
  "Tetairoa McMillan": {
    "pos": "WR",
    "team": "CAR",
    "one_qb": 6350,
    "superflex": 4778
  },
  "Rashee Rice": {
    "pos": "WR",
    "team": "KC",
    "one_qb": 6261,
    "superflex": 4635
  },
  "Chris Olave": {
    "pos": "WR",
    "team": "NO",
    "one_qb": 6101,
    "superflex": 4516
  },
  "Breece Hall": {
    "pos": "RB",
    "team": "NYJ",
    "one_qb": 6059,
    "superflex": 4591
  },
  "A.J. Brown": {
    "pos": "WR",
    "team": "PHI",
    "one_qb": 5740,
    "superflex": 4360
  },
  "Jeremiyah Love": {
    "pos": "RB",
    "team": "FA",
    "one_qb": 5673,
    "superflex": 4401
  },
  "Trey McBride": {
    "pos": "TE",
    "team": "ARI",
    "one_qb": 5528,
    "superflex": 4249
  },
  "Brock Bowers": {
    "pos": "TE",
    "team": "LV",
    "one_qb": 5412,
    "superflex": 4150
  },
  "Marvin Harrison Jr.": {
    "pos": "WR",
    "team": "ARI",
    "one_qb": 5387,
    "superflex": 4422
  },
  "Ladd McConkey": {
    "pos": "WR",
    "team": "LAC",
    "one_qb": 5362,
    "superflex": 4016
  },
  "Drake Maye": {
    "pos": "QB",
    "team": "NE",
    "one_qb": 5213,
    "superflex": 6380
  },
  "Emeka Egbuka": {
    "pos": "WR",
    "team": "TB",
    "one_qb": 5164,
    "superflex": 3877
  },
  "George Pickens": {
    "pos": "WR",
    "team": "DAL",
    "one_qb": 5140,
    "superflex": 4904
  },
  "Rome Odunze": {
    "pos": "WR",
    "team": "CHI",
    "one_qb": 4962,
    "superflex": 3681
  },
  "Christian McCaffrey": {
    "pos": "RB",
    "team": "SF",
    "one_qb": 4915,
    "superflex": 3813
  },
  "Lamar Jackson": {
    "pos": "QB",
    "team": "BAL",
    "one_qb": 4624,
    "superflex": 8886
  },
  "Jaylen Waddle": {
    "pos": "WR",
    "team": "MIA",
    "one_qb": 4613,
    "superflex": 3463
  },
  "TreVeyon Henderson": {
    "pos": "RB",
    "team": "NE",
    "one_qb": 4570,
    "superflex": 3431
  },
  "DeVonta Smith": {
    "pos": "WR",
    "team": "PHI",
    "one_qb": 4559,
    "superflex": 3328
  },
  "Patrick Mahomes II": {
    "pos": "QB",
    "team": "KC",
    "one_qb": 4464,
    "superflex": 8845
  },
  "Bucky Irving": {
    "pos": "RB",
    "team": "TB",
    "one_qb": 4329,
    "superflex": 3227
  },
  "Brian Thomas Jr.": {
    "pos": "WR",
    "team": "JAC",
    "one_qb": 4249,
    "superflex": 3227
  },
  "2026 Pick 1.01": {
    "pos": "PICK",
    "team": "NA",
    "one_qb": 4170,
    "superflex": 5377
  },
  "Jayden Daniels": {
    "pos": "QB",
    "team": "WAS",
    "one_qb": 4131,
    "superflex": 7539
  },
  "Tee Higgins": {
    "pos": "WR",
    "team": "CIN",
    "one_qb": 4073,
    "superflex": 3554
  },
  "Sam LaPorta": {
    "pos": "TE",
    "team": "DET",
    "one_qb": 3978,
    "superflex": 3145
  },
  "Zay Flowers": {
    "pos": "WR",
    "team": "BAL",
    "one_qb": 3960,
    "superflex": 2924
  },
  "Jameson Williams": {
    "pos": "WR",
    "team": "DET",
    "one_qb": 3922,
    "superflex": 2897
  },
  "Joe Burrow": {
    "pos": "QB",
    "team": "CIN",
    "one_qb": 3868,
    "superflex": 8439
  },
  "Jalen Hurts": {
    "pos": "QB",
    "team": "PHI",
    "one_qb": 3868,
    "superflex": 8282
  },
  "Chase Brown": {
    "pos": "RB",
    "team": "CIN",
    "one_qb": 3831,
    "superflex": 2876
  },
  "Saquon Barkley": {
    "pos": "RB",
    "team": "PHI",
    "one_qb": 3787,
    "superflex": 2876
  },
  "2026 Pick 1.02": {
    "pos": "PICK",
    "team": "NA",
    "one_qb": 3773,
    "superflex": 5080
  },
  "Colston Loveland": {
    "pos": "TE",
    "team": "CHI",
    "one_qb": 3529,
    "superflex": 2594
  },
  "Tyler Warren": {
    "pos": "TE",
    "team": "IND",
    "one_qb": 3423,
    "superflex": 2570
  },
  "2026 Pick 1.03": {
    "pos": "PICK",
    "team": "NA",
    "one_qb": 3422,
    "superflex": 4800
  },
  "Luther Burden III": {
    "pos": "WR",
    "team": "CHI",
    "one_qb": 3312,
    "superflex": 2481
  },
  "2026 Pick 1.04": {
    "pos": "PICK",
    "team": "NA",
    "one_qb": 3111,
    "superflex": 4536
  },
  "Quinshon Judkins": {
    "pos": "RB",
    "team": "CLE",
    "one_qb": 3086,
    "superflex": 2372
  },
  "Kyren Williams": {
    "pos": "RB",
    "team": "LAR",
    "one_qb": 3086,
    "superflex": 2149
  },
  "DK Metcalf": {
    "pos": "WR",
    "team": "PIT",
    "one_qb": 2938,
    "superflex": 1735
  },
  "Tucker Kraft": {
    "pos": "TE",
    "team": "GB",
    "one_qb": 2924,
    "superflex": 2206
  },
  "2027 Early 1st": {
    "pos": "PICK",
    "team": "NA",
    "one_qb": 2878,
    "superflex": 3951
  },
  "Caleb Williams": {
    "pos": "QB",
    "team": "CHI",
    "one_qb": 2876,
    "superflex": 7363
  },
  "Travis Etienne Jr.": {
    "pos": "RB",
    "team": "JAC",
    "one_qb": 2876,
    "superflex": 2109
  },
  "2026 Pick 1.05": {
    "pos": "PICK",
    "team": "NA",
    "one_qb": 2835,
    "superflex": 4289
  },
  "Josh Jacobs": {
    "pos": "RB",
    "team": "GB",
    "one_qb": 2777,
    "superflex": 2124
  },
  "Harold Fannin Jr.": {
    "pos": "TE",
    "team": "CLE",
    "one_qb": 2757,
    "superflex": 2104
  },
  "RJ Harvey": {
    "pos": "RB",
    "team": "DEN",
    "one_qb": 2712,
    "superflex": 2075
  },
  "Justin Herbert": {
    "pos": "QB",
    "team": "LAC",
    "one_qb": 2662,
    "superflex": 7312
  },
  "Kenneth Walker III": {
    "pos": "RB",
    "team": "SEA",
    "one_qb": 2662,
    "superflex": 2046
  },
  "Kyle Pitts Sr.": {
    "pos": "TE",
    "team": "ATL",
    "one_qb": 2624,
    "superflex": 1691
  },
  "2026 Pick 1.06": {
    "pos": "PICK",
    "team": "NA",
    "one_qb": 2590,
    "superflex": 4057
  },
  "Michael Pittman Jr.": {
    "pos": "WR",
    "team": "IND",
    "one_qb": 2383,
    "superflex": 1200
  },
  "2026 Pick 1.07": {
    "pos": "PICK",
    "team": "NA",
    "one_qb": 2372,
    "superflex": 3841
  },
  "Dalton Kincaid": {
    "pos": "TE",
    "team": "BUF",
    "one_qb": 2361,
    "superflex": 1845
  },
  "Jordan Addison": {
    "pos": "WR",
    "team": "MIN",
    "one_qb": 2328,
    "superflex": 1768
  },
  "2026 Pick 1.08": {
    "pos": "PICK",
    "team": "NA",
    "one_qb": 2177,
    "superflex": 3638
  },
  "Cam Skattebo": {
    "pos": "RB",
    "team": "NYG",
    "one_qb": 2175,
    "superflex": 1664
  },
  "Jaxson Dart": {
    "pos": "QB",
    "team": "NYG",
    "one_qb": 2065,
    "superflex": 6116
  },
  "DJ Moore": {
    "pos": "WR",
    "team": "CHI",
    "one_qb": 2051,
    "superflex": 1047
  },
  "Travis Hunter": {
    "pos": "WR",
    "team": "JAC",
    "one_qb": 2012,
    "superflex": 1521
  },
  "2027 1st": {
    "pos": "PICK",
    "team": "NA",
    "one_qb": 2012,
    "superflex": 3168
  },
  "2026 Pick 1.09": {
    "pos": "PICK",
    "team": "NA",
    "one_qb": 2004,
    "superflex": 3447
  },
  "Brandon Aiyuk": {
    "pos": "WR",
    "team": "SF",
    "one_qb": 1998,
    "superflex": 1525
  },
  "2027 Mid 1st": {
    "pos": "PICK",
    "team": "NA",
    "one_qb": 1985,
    "superflex": 3159
  },
  "Bo Nix": {
    "pos": "QB",
    "team": "DEN",
    "one_qb": 1925,
    "superflex": 5918
  },
  "Ricky Pearsall": {
    "pos": "WR",
    "team": "SF",
    "one_qb": 1902,
    "superflex": 1448
  },
  "Brock Purdy": {
    "pos": "QB",
    "team": "SF",
    "one_qb": 1875,
    "superflex": 5541
  },
  "C.J. Stroud": {
    "pos": "QB",
    "team": "HOU",
    "one_qb": 1871,
    "superflex": 5044
  },
  "2026 Pick 1.10": {
    "pos": "PICK",
    "team": "NA",
    "one_qb": 1849,
    "superflex": 3267
  },
  "2026 Pick 1.11": {
    "pos": "PICK",
    "team": "NA",
    "one_qb": 1711,
    "superflex": 3099
  },
  "Derrick Henry": {
    "pos": "RB",
    "team": "BAL",
    "one_qb": 1703,
    "superflex": 1279
  },
  "Courtland Sutton": {
    "pos": "WR",
    "team": "DEN",
    "one_qb": 1691,
    "superflex": 1282
  },
  "Terry McLaurin": {
    "pos": "WR",
    "team": "WAS",
    "one_qb": 1679,
    "superflex": 1288
  },
  "Trevor Lawrence": {
    "pos": "QB",
    "team": "JAC",
    "one_qb": 1656,
    "superflex": 5400
  },
  "Javonte Williams": {
    "pos": "RB",
    "team": "DAL",
    "one_qb": 1629,
    "superflex": 1214
  },
  "Xavier Worthy": {
    "pos": "WR",
    "team": "KC",
    "one_qb": 1610,
    "superflex": 1223
  },
  "2028 1st": {
    "pos": "PICK",
    "team": "NA",
    "one_qb": 1609,
    "superflex": 2534
  },
  "2026 Pick 1.12": {
    "pos": "PICK",
    "team": "NA",
    "one_qb": 1586,
    "superflex": 2941
  },
  "Christian Watson": {
    "pos": "WR",
    "team": "GB",
    "one_qb": 1539,
    "superflex": 1158
  },
  "Oronde Gadsden II": {
    "pos": "TE",
    "team": "LAC",
    "one_qb": 1514,
    "superflex": 1180
  },
  "Davante Adams": {
    "pos": "WR",
    "team": "LAR",
    "one_qb": 1507,
    "superflex": 1124
  },
  "2026 Pick 2.01": {
    "pos": "PICK",
    "team": "NA",
    "one_qb": 1474,
    "superflex": 2794
  },
  "2027 Late 1st": {
    "pos": "PICK",
    "team": "NA",
    "one_qb": 1425,
    "superflex": 2546
  },
  "2026 Pick 2.02": {
    "pos": "PICK",
    "team": "NA",
    "one_qb": 1374,
    "superflex": 2654
  },
  "Jakobi Meyers": {
    "pos": "WR",
    "team": "JAC",
    "one_qb": 1321,
    "superflex": 978
  },
  "Jordan Love": {
    "pos": "QB",
    "team": "GB",
    "one_qb": 1306,
    "superflex": 5606
  },
  "D'Andre Swift": {
    "pos": "RB",
    "team": "CHI",
    "one_qb": 1300,
    "superflex": 949
  },
  "2026 Pick 2.03": {
    "pos": "PICK",
    "team": "NA",
    "one_qb": 1284,
    "superflex": 2524
  },
  "Tyreek Hill": {
    "pos": "WR",
    "team": "MIA",
    "one_qb": 1246,
    "superflex": 969
  },
  "Jayden Higgins": {
    "pos": "WR",
    "team": "HOU",
    "one_qb": 1231,
    "superflex": 929
  },
  "Jake Ferguson": {
    "pos": "TE",
    "team": "DAL",
    "one_qb": 1226,
    "superflex": 927
  },
  "2026 Pick 2.04": {
    "pos": "PICK",
    "team": "NA",
    "one_qb": 1202,
    "superflex": 2402
  },
  "Dak Prescott": {
    "pos": "QB",
    "team": "DAL",
    "one_qb": 1189,
    "superflex": 4602
  },
  "Wan'Dale Robinson": {
    "pos": "WR",
    "team": "NYG",
    "one_qb": 1161,
    "superflex": 874
  },
  "Michael Wilson": {
    "pos": "WR",
    "team": "ARI",
    "one_qb": 1150,
    "superflex": 872
  },
  "2026 Pick 2.05": {
    "pos": "PICK",
    "team": "NA",
    "one_qb": 1128,
    "superflex": 2286
  },
  "Quentin Johnston": {
    "pos": "WR",
    "team": "LAC",
    "one_qb": 1087,
    "superflex": 807
  },
  "2027 Early 2nd": {
    "pos": "PICK",
    "team": "NA",
    "one_qb": 1064,
    "superflex": 2071
  },
  "2026 Pick 2.06": {
    "pos": "PICK",
    "team": "NA",
    "one_qb": 1062,
    "superflex": 2176
  },
  "Khalil Shakir": {
    "pos": "WR",
    "team": "BUF",
    "one_qb": 1004,
    "superflex": 752
  },
  "2026 Pick 2.07": {
    "pos": "PICK",
    "team": "NA",
    "one_qb": 1002,
    "superflex": 2072
  },
  "Jaylen Warren": {
    "pos": "RB",
    "team": "PIT",
    "one_qb": 958,
    "superflex": 711
  },
  "2026 Pick 2.08": {
    "pos": "PICK",
    "team": "NA",
    "one_qb": 947,
    "superflex": 1976
  },
  "George Kittle": {
    "pos": "TE",
    "team": "SF",
    "one_qb": 946,
    "superflex": 740
  },
  "Makai Lemon": {
    "pos": "WR",
    "team": "FA",
    "one_qb": 912,
    "superflex": 741
  },
  "2026 Pick 2.09": {
    "pos": "PICK",
    "team": "NA",
    "one_qb": 899,
    "superflex": 1886
  },
  "Jordyn Tyson": {
    "pos": "WR",
    "team": "FA",
    "one_qb": 897,
    "superflex": 729
  },
  "Baker Mayfield": {
    "pos": "QB",
    "team": "TB",
    "one_qb": 895,
    "superflex": 3690
  },
  "Jayden Reed": {
    "pos": "WR",
    "team": "GB",
    "one_qb": 880,
    "superflex": 654
  },
  "Alec Pierce": {
    "pos": "WR",
    "team": "IND",
    "one_qb": 876,
    "superflex": 673
  },
  "Matthew Golden": {
    "pos": "WR",
    "team": "GB",
    "one_qb": 874,
    "superflex": 653
  },
  "Kyle Monangai": {
    "pos": "RB",
    "team": "CHI",
    "one_qb": 870,
    "superflex": 656
  },
  "Brenton Strange": {
    "pos": "TE",
    "team": "JAC",
    "one_qb": 866,
    "superflex": 651
  },
  "Mike Evans": {
    "pos": "WR",
    "team": "TB",
    "one_qb": 864,
    "superflex": 661
  },
  "2026 Pick 2.10": {
    "pos": "PICK",
    "team": "NA",
    "one_qb": 858,
    "superflex": 1799
  },
  "Zach Charbonnet": {
    "pos": "RB",
    "team": "SEA",
    "one_qb": 851,
    "superflex": 632
  },
  "Jauan Jennings": {
    "pos": "WR",
    "team": "SF",
    "one_qb": 849,
    "superflex": 641
  },
  "2027 2nd": {
    "pos": "PICK",
    "team": "NA",
    "one_qb": 838,
    "superflex": 1705
  },
  "2027 Mid 2nd": {
    "pos": "PICK",
    "team": "NA",
    "one_qb": 826,
    "superflex": 1700
  },
  "2026 Pick 2.11": {
    "pos": "PICK",
    "team": "NA",
    "one_qb": 820,
    "superflex": 1718
  },
  "Chris Godwin Jr.": {
    "pos": "WR",
    "team": "TB",
    "one_qb": 809,
    "superflex": 620
  },
  "Carnell Tate": {
    "pos": "WR",
    "team": "FA",
    "one_qb": 801,
    "superflex": 672
  },
  "Woody Marks": {
    "pos": "RB",
    "team": "HOU",
    "one_qb": 788,
    "superflex": 593
  },
  "2026 Pick 2.12": {
    "pos": "PICK",
    "team": "NA",
    "one_qb": 782,
    "superflex": 1644
  },
  "Josh Downs": {
    "pos": "WR",
    "team": "IND",
    "one_qb": 777,
    "superflex": 592
  },
  "2026 Pick 3.01": {
    "pos": "PICK",
    "team": "NA",
    "one_qb": 747,
    "superflex": 1579
  },
  "Jared Goff": {
    "pos": "QB",
    "team": "DET",
    "one_qb": 741,
    "superflex": 2973
  },
  "Stefon Diggs": {
    "pos": "WR",
    "team": "NE",
    "one_qb": 740,
    "superflex": 572
  },
  "Eli Stowers": {
    "pos": "TE",
    "team": "FA",
    "one_qb": 738,
    "superflex": 525
  },
  "Bhayshul Tuten": {
    "pos": "RB",
    "team": "JAC",
    "one_qb": 736,
    "superflex": 563
  },
  "Fernando Mendoza": {
    "pos": "QB",
    "team": "FA",
    "one_qb": 734,
    "superflex": 2917
  },
  "2026 Pick 3.02": {
    "pos": "PICK",
    "team": "NA",
    "one_qb": 718,
    "superflex": 1520
  },
  "2026 Pick 3.03": {
    "pos": "PICK",
    "team": "NA",
    "one_qb": 691,
    "superflex": 1466
  },
  "2028 2nd": {
    "pos": "PICK",
    "team": "NA",
    "one_qb": 671,
    "superflex": 1364
  },
  "2027 Late 2nd": {
    "pos": "PICK",
    "team": "NA",
    "one_qb": 671,
    "superflex": 1408
  },
  "2026 Pick 3.04": {
    "pos": "PICK",
    "team": "NA",
    "one_qb": 664,
    "superflex": 1416
  },
  "Denzel Boston": {
    "pos": "WR",
    "team": "FA",
    "one_qb": 662,
    "superflex": 544
  },
  "Trey Benson": {
    "pos": "RB",
    "team": "ARI",
    "one_qb": 653,
    "superflex": 505
  },
  "2026 Pick 3.05": {
    "pos": "PICK",
    "team": "NA",
    "one_qb": 635,
    "superflex": 1369
  },
  "Blake Corum": {
    "pos": "RB",
    "team": "LAR",
    "one_qb": 614,
    "superflex": 474
  },
  "2026 Pick 3.06": {
    "pos": "PICK",
    "team": "NA",
    "one_qb": 607,
    "superflex": 1324
  },
  "Mason Taylor": {
    "pos": "TE",
    "team": "NYJ",
    "one_qb": 600,
    "superflex": 470
  },
  "Rico Dowdle": {
    "pos": "RB",
    "team": "CAR",
    "one_qb": 592,
    "superflex": 462
  },
  "2026 Pick 3.07": {
    "pos": "PICK",
    "team": "NA",
    "one_qb": 581,
    "superflex": 1280
  },
  "Sam Darnold": {
    "pos": "QB",
    "team": "SEA",
    "one_qb": 579,
    "superflex": 2279
  },
  "Dallas Goedert": {
    "pos": "TE",
    "team": "PHI",
    "one_qb": 570,
    "superflex": 447
  },
  "Malachi Fields": {
    "pos": "WR",
    "team": "FA",
    "one_qb": 570,
    "superflex": 430
  },
  "2027 Early 3rd": {
    "pos": "PICK",
    "team": "NA",
    "one_qb": 563,
    "superflex": 1195
  },
  "Cam Ward": {
    "pos": "QB",
    "team": "TEN",
    "one_qb": 556,
    "superflex": 2099
  },
  "2026 Pick 3.08": {
    "pos": "PICK",
    "team": "NA",
    "one_qb": 556,
    "superflex": 1238
  },
  "Rhamondre Stevenson": {
    "pos": "RB",
    "team": "NE",
    "one_qb": 551,
    "superflex": 429
  },
  "Kenyon Sadiq": {
    "pos": "TE",
    "team": "FA",
    "one_qb": 549,
    "superflex": 422
  },
  "Chuba Hubbard": {
    "pos": "RB",
    "team": "CAR",
    "one_qb": 537,
    "superflex": 415
  },
  "2026 Pick 3.09": {
    "pos": "PICK",
    "team": "NA",
    "one_qb": 531,
    "superflex": 1195
  },
  "Tank Dell": {
    "pos": "WR",
    "team": "HOU",
    "one_qb": 521,
    "superflex": 113
  },
  "Troy Franklin": {
    "pos": "WR",
    "team": "DEN",
    "one_qb": 511,
    "superflex": 399
  },
  "2026 Pick 3.10": {
    "pos": "PICK",
    "team": "NA",
    "one_qb": 505,
    "superflex": 1153
  },
  "Parker Washington": {
    "pos": "WR",
    "team": "JAC",
    "one_qb": 501,
    "superflex": 396
  },
  "David Montgomery": {
    "pos": "RB",
    "team": "DET",
    "one_qb": 492,
    "superflex": 384
  },
  "Deebo Samuel Sr.": {
    "pos": "WR",
    "team": "WAS",
    "one_qb": 489,
    "superflex": 380
  },
  "Theo Johnson": {
    "pos": "TE",
    "team": "NYG",
    "one_qb": 487,
    "superflex": 387
  },
  "K.C. Concepcion": {
    "pos": "WR",
    "team": "FA",
    "one_qb": 483,
    "superflex": 402
  },
  "2026 Pick 3.11": {
    "pos": "PICK",
    "team": "NA",
    "one_qb": 479,
    "superflex": 1114
  },
  "2027 Mid 3rd": {
    "pos": "PICK",
    "team": "NA",
    "one_qb": 475,
    "superflex": 1042
  },
  "2027 3rd": {
    "pos": "PICK",
    "team": "NA",
    "one_qb": 472,
    "superflex": 1041
  },
  "Jalen Coker": {
    "pos": "WR",
    "team": "CAR",
    "one_qb": 469,
    "superflex": 372
  },
  "2026 Pick 3.12": {
    "pos": "PICK",
    "team": "NA",
    "one_qb": 453,
    "superflex": 1077
  },
  "Tre Harris": {
    "pos": "WR",
    "team": "LAC",
    "one_qb": 451,
    "superflex": 349
  },
  "Tyrone Tracy Jr.": {
    "pos": "RB",
    "team": "NYG",
    "one_qb": 448,
    "superflex": 353
  },
  "Kyler Murray": {
    "pos": "QB",
    "team": "ARI",
    "one_qb": 444,
    "superflex": 2803
  },
  "2026 Pick 4.01": {
    "pos": "PICK",
    "team": "NA",
    "one_qb": 429,
    "superflex": 1041
  },
  "Germie Bernard": {
    "pos": "WR",
    "team": "FA",
    "one_qb": 425,
    "superflex": 311
  },
  "Terrance Ferguson": {
    "pos": "TE",
    "team": "LAR",
    "one_qb": 421,
    "superflex": 336
  },
  "Jerry Jeudy": {
    "pos": "WR",
    "team": "CLE",
    "one_qb": 416,
    "superflex": 327
  },
  "Anthony Richardson Sr.": {
    "pos": "QB",
    "team": "IND",
    "one_qb": 409,
    "superflex": 1255
  },
  "Romeo Doubs": {
    "pos": "WR",
    "team": "GB",
    "one_qb": 408,
    "superflex": 324
  },
  "Rashid Shaheed": {
    "pos": "WR",
    "team": "SEA",
    "one_qb": 408,
    "superflex": 324
  },
  "2026 Pick 4.02": {
    "pos": "PICK",
    "team": "NA",
    "one_qb": 407,
    "superflex": 1007
  },
  "2027 Late 3rd": {
    "pos": "PICK",
    "team": "NA",
    "one_qb": 393,
    "superflex": 907
  },
  "2026 Pick 4.03": {
    "pos": "PICK",
    "team": "NA",
    "one_qb": 388,
    "superflex": 974
  },
  "Isaiah Likely": {
    "pos": "TE",
    "team": "BAL",
    "one_qb": 382,
    "superflex": 310
  },
  "2028 3rd": {
    "pos": "PICK",
    "team": "NA",
    "one_qb": 378,
    "superflex": 833
  },
  "Tony Pollard": {
    "pos": "RB",
    "team": "TEN",
    "one_qb": 378,
    "superflex": 293
  },
  "Jonathon Brooks": {
    "pos": "RB",
    "team": "CAR",
    "one_qb": 378,
    "superflex": 74
  },
  "2026 Pick 4.04": {
    "pos": "PICK",
    "team": "NA",
    "one_qb": 369,
    "superflex": 942
  },
  "Chris Brazzell II": {
    "pos": "WR",
    "team": "FA",
    "one_qb": 366,
    "superflex": 251
  },
  "Jalen McMillan": {
    "pos": "WR",
    "team": "TB",
    "one_qb": 359,
    "superflex": 294
  },
  "Tyler Shough": {
    "pos": "QB",
    "team": "NO",
    "one_qb": 357,
    "superflex": 1343
  },
  "Bryce Young": {
    "pos": "QB",
    "team": "CAR",
    "one_qb": 353,
    "superflex": 1282
  },
  "2026 Pick 4.05": {
    "pos": "PICK",
    "team": "NA",
    "one_qb": 351,
    "superflex": 910
  },
  "Tyler Allgeier": {
    "pos": "RB",
    "team": "ATL",
    "one_qb": 340,
    "superflex": 274
  },
  "Jaylin Noel": {
    "pos": "WR",
    "team": "HOU",
    "one_qb": 337,
    "superflex": 273
  },
  "Elic Ayomanor": {
    "pos": "WR",
    "team": "TEN",
    "one_qb": 337,
    "superflex": 273
  },
  "Michael Trigg": {
    "pos": "TE",
    "team": "FA",
    "one_qb": 337,
    "superflex": 240
  },
  "Jacory Croskey-Merritt": {
    "pos": "RB",
    "team": "WAS",
    "one_qb": 336,
    "superflex": 269
  },
  "2026 Pick 4.06": {
    "pos": "PICK",
    "team": "NA",
    "one_qb": 334,
    "superflex": 880
  },
  "Juwan Johnson": {
    "pos": "TE",
    "team": "NO",
    "one_qb": 330,
    "superflex": 272
  },
  "Mark Andrews": {
    "pos": "TE",
    "team": "BAL",
    "one_qb": 328,
    "superflex": 271
  },
  "2026 Pick 4.07": {
    "pos": "PICK",
    "team": "NA",
    "one_qb": 319,
    "superflex": 852
  },
  "2027 Early 4th": {
    "pos": "PICK",
    "team": "NA",
    "one_qb": 318,
    "superflex": 792
  },
  "J.J. McCarthy": {
    "pos": "QB",
    "team": "MIN",
    "one_qb": 317,
    "superflex": 1240
  },
  "Matthew Stafford": {
    "pos": "QB",
    "team": "LAR",
    "one_qb": 311,
    "superflex": 1153
  },
  "T.J. Hockenson": {
    "pos": "TE",
    "team": "MIN",
    "one_qb": 311,
    "superflex": 257
  },
  "2026 Pick 4.08": {
    "pos": "PICK",
    "team": "NA",
    "one_qb": 306,
    "superflex": 825
  },
  "Max Klare": {
    "pos": "TE",
    "team": "FA",
    "one_qb": 302,
    "superflex": 186
  },
  "2026 Pick 4.09": {
    "pos": "PICK",
    "team": "NA",
    "one_qb": 295,
    "superflex": 800
  },
  "2026 Pick 4.10": {
    "pos": "PICK",
    "team": "NA",
    "one_qb": 284,
    "superflex": 776
  },
  "Kayshon Boutte": {
    "pos": "WR",
    "team": "NE",
    "one_qb": 283,
    "superflex": 232
  },
  "Pat Bryant": {
    "pos": "WR",
    "team": "DEN",
    "one_qb": 274,
    "superflex": 229
  },
  "2026 Pick 4.11": {
    "pos": "PICK",
    "team": "NA",
    "one_qb": 274,
    "superflex": 754
  },
  "Adonai Mitchell": {
    "pos": "WR",
    "team": "NYJ",
    "one_qb": 274,
    "superflex": 222
  },
  "Daniel Jones": {
    "pos": "QB",
    "team": "IND",
    "one_qb": 267,
    "superflex": 990
  },
  "2027 4th": {
    "pos": "PICK",
    "team": "NA",
    "one_qb": 265,
    "superflex": 695
  },
  "2026 Pick 4.12": {
    "pos": "PICK",
    "team": "NA",
    "one_qb": 264,
    "superflex": 732
  },
  "2027 Mid 4th": {
    "pos": "PICK",
    "team": "NA",
    "one_qb": 262,
    "superflex": 693
  },
  "Hunter Henry": {
    "pos": "TE",
    "team": "NE",
    "one_qb": 261,
    "superflex": 217
  },
  "Michael Penix Jr.": {
    "pos": "QB",
    "team": "ATL",
    "one_qb": 256,
    "superflex": 912
  },
  "2026 Pick 5.01": {
    "pos": "PICK",
    "team": "NA",
    "one_qb": 255,
    "superflex": 711
  },
  "2026 Pick 5.02": {
    "pos": "PICK",
    "team": "NA",
    "one_qb": 246,
    "superflex": 691
  },
  "AJ Barner": {
    "pos": "TE",
    "team": "SEA",
    "one_qb": 238,
    "superflex": 194
  },
  "2026 Pick 5.03": {
    "pos": "PICK",
    "team": "NA",
    "one_qb": 238,
    "superflex": 672
  },
  "2026 Pick 5.04": {
    "pos": "PICK",
    "team": "NA",
    "one_qb": 230,
    "superflex": 654
  },
  "2027 Late 4th": {
    "pos": "PICK",
    "team": "NA",
    "one_qb": 223,
    "superflex": 612
  },
  "2026 Pick 5.05": {
    "pos": "PICK",
    "team": "NA",
    "one_qb": 223,
    "superflex": 636
  },
  "Zachariah Branch": {
    "pos": "WR",
    "team": "FA",
    "one_qb": 220,
    "superflex": 184
  },
  "J.K. Dobbins": {
    "pos": "RB",
    "team": "DEN",
    "one_qb": 219,
    "superflex": 181
  },
  "Jonah Coleman": {
    "pos": "RB",
    "team": "FA",
    "one_qb": 217,
    "superflex": 204
  },
  "2026 Pick 5.06": {
    "pos": "PICK",
    "team": "NA",
    "one_qb": 216,
    "superflex": 618
  },
  "Kenneth Gainwell": {
    "pos": "RB",
    "team": "PIT",
    "one_qb": 213,
    "superflex": 194
  },
  "2028 4th": {
    "pos": "PICK",
    "team": "NA",
    "one_qb": 212,
    "superflex": 556
  },
  "David Njoku": {
    "pos": "TE",
    "team": "CLE",
    "one_qb": 212,
    "superflex": 181
  },
  "Tyjae Spears": {
    "pos": "RB",
    "team": "TEN",
    "one_qb": 212,
    "superflex": 181
  },
  "2026 Pick 5.07": {
    "pos": "PICK",
    "team": "NA",
    "one_qb": 209,
    "superflex": 601
  },
  "Kyle Williams": {
    "pos": "WR",
    "team": "NE",
    "one_qb": 204,
    "superflex": 173
  },
  "Dalton Schultz": {
    "pos": "TE",
    "team": "HOU",
    "one_qb": 204,
    "superflex": 171
  },
  "2026 Pick 5.08": {
    "pos": "PICK",
    "team": "NA",
    "one_qb": 203,
    "superflex": 585
  },
  "Alvin Kamara": {
    "pos": "RB",
    "team": "NO",
    "one_qb": 202,
    "superflex": 177
  },
  "Chimere Dike": {
    "pos": "WR",
    "team": "TEN",
    "one_qb": 200,
    "superflex": 164
  },
  "Keon Coleman": {
    "pos": "WR",
    "team": "BUF",
    "one_qb": 199,
    "superflex": 167
  },
  "2026 Pick 5.09": {
    "pos": "PICK",
    "team": "NA",
    "one_qb": 196,
    "superflex": 569
  },
  "2027 Early 5th": {
    "pos": "PICK",
    "team": "NA",
    "one_qb": 194,
    "superflex": 545
  },
  "2026 Pick 5.10": {
    "pos": "PICK",
    "team": "NA",
    "one_qb": 190,
    "superflex": 553
  },
  "Jordan Mason": {
    "pos": "RB",
    "team": "MIN",
    "one_qb": 188,
    "superflex": 160
  },
  "Chris Bell": {
    "pos": "WR",
    "team": "FA",
    "one_qb": 187,
    "superflex": 168
  },
  "Antonio Williams": {
    "pos": "WR",
    "team": "FA",
    "one_qb": 186,
    "superflex": 154
  },
  "2026 Pick 5.11": {
    "pos": "PICK",
    "team": "NA",
    "one_qb": 184,
    "superflex": 538
  },
  "Tory Horton": {
    "pos": "WR",
    "team": "SEA",
    "one_qb": 182,
    "superflex": 159
  },
  "Darnell Mooney": {
    "pos": "WR",
    "team": "ATL",
    "one_qb": 179,
    "superflex": 155
  },
  "Mike Washington Jr.": {
    "pos": "RB",
    "team": "FA",
    "one_qb": 178,
    "superflex": 151
  },
  "2026 Pick 5.12": {
    "pos": "PICK",
    "team": "NA",
    "one_qb": 177,
    "superflex": 523
  },
  "Kaleb Johnson": {
    "pos": "RB",
    "team": "PIT",
    "one_qb": 172,
    "superflex": 154
  },
  "Calvin Ridley": {
    "pos": "WR",
    "team": "TEN",
    "one_qb": 171,
    "superflex": 150
  },
  "2027 5th": {
    "pos": "PICK",
    "team": "NA",
    "one_qb": 170,
    "superflex": 488
  },
  "2027 Mid 5th": {
    "pos": "PICK",
    "team": "NA",
    "one_qb": 170,
    "superflex": 488
  },
  "Elijah Arroyo": {
    "pos": "TE",
    "team": "SEA",
    "one_qb": 169,
    "superflex": 146
  },
  "Dylan Sampson": {
    "pos": "RB",
    "team": "CLE",
    "one_qb": 159,
    "superflex": 136
  },
  "Tua Tagovailoa": {
    "pos": "QB",
    "team": "MIA",
    "one_qb": 153,
    "superflex": 1243
  },
  "2027 Late 5th": {
    "pos": "PICK",
    "team": "NA",
    "one_qb": 149,
    "superflex": 436
  },
  "Isaac TeSlaa": {
    "pos": "WR",
    "team": "DET",
    "one_qb": 149,
    "superflex": 132
  },
  "Elijah Sarratt": {
    "pos": "WR",
    "team": "FA",
    "one_qb": 148,
    "superflex": 138
  },
  "Aaron Jones Sr.": {
    "pos": "RB",
    "team": "MIN",
    "one_qb": 147,
    "superflex": 127
  },
  "Marvin Mims Jr.": {
    "pos": "WR",
    "team": "DEN",
    "one_qb": 145,
    "superflex": 127
  },
  "Malik Willis": {
    "pos": "QB",
    "team": "GB",
    "one_qb": 145,
    "superflex": 551
  },
  "Rashod Bateman": {
    "pos": "WR",
    "team": "BAL",
    "one_qb": 144,
    "superflex": 128
  },
  "Jadarian Price": {
    "pos": "RB",
    "team": "FA",
    "one_qb": 143,
    "superflex": 144
  },
  "Omar Cooper Jr.": {
    "pos": "WR",
    "team": "FA",
    "one_qb": 142,
    "superflex": 143
  },
  "Rachaad White": {
    "pos": "RB",
    "team": "TB",
    "one_qb": 141,
    "superflex": 122
  },
  "Isiah Pacheco": {
    "pos": "RB",
    "team": "KC",
    "one_qb": 137,
    "superflex": 122
  },
  "2028 5th": {
    "pos": "PICK",
    "team": "NA",
    "one_qb": 136,
    "superflex": 390
  },
  "Brian Robinson Jr.": {
    "pos": "RB",
    "team": "SF",
    "one_qb": 133,
    "superflex": 116
  },
  "Ja'Kobi Lane": {
    "pos": "WR",
    "team": "FA",
    "one_qb": 128,
    "superflex": 93
  },
  "Travis Kelce": {
    "pos": "TE",
    "team": "KC",
    "one_qb": 128,
    "superflex": 117
  },
  "James Conner": {
    "pos": "RB",
    "team": "ARI",
    "one_qb": 125,
    "superflex": 111
  },
  "Braelon Allen": {
    "pos": "RB",
    "team": "NYJ",
    "one_qb": 119,
    "superflex": 106
  },
  "Shedeur Sanders": {
    "pos": "QB",
    "team": "CLE",
    "one_qb": 117,
    "superflex": 464
  },
  "Tank Bigsby": {
    "pos": "RB",
    "team": "PHI",
    "one_qb": 115,
    "superflex": 101
  },
  "Cedric Tillman": {
    "pos": "WR",
    "team": "CLE",
    "one_qb": 114,
    "superflex": 104
  },
  "Gunnar Helm": {
    "pos": "TE",
    "team": "TEN",
    "one_qb": 110,
    "superflex": 100
  },
  "Jack Bech": {
    "pos": "WR",
    "team": "LV",
    "one_qb": 109,
    "superflex": 98
  },
  "Devin Neal": {
    "pos": "RB",
    "team": "NO",
    "one_qb": 104,
    "superflex": 100
  },
  "Cade Otton": {
    "pos": "TE",
    "team": "TB",
    "one_qb": 103,
    "superflex": 92
  },
  "Chig Okonkwo": {
    "pos": "TE",
    "team": "TEN",
    "one_qb": 102,
    "superflex": 92
  },
  "Dontayvion Wicks": {
    "pos": "WR",
    "team": "GB",
    "one_qb": 102,
    "superflex": 92
  },
  "Pat Freiermuth": {
    "pos": "TE",
    "team": "PIT",
    "one_qb": 97,
    "superflex": 87
  },
  "Nicholas Singleton": {
    "pos": "RB",
    "team": "FA",
    "one_qb": 94,
    "superflex": 86
  },
  "Kimani Vidal": {
    "pos": "RB",
    "team": "LAC",
    "one_qb": 92,
    "superflex": 85
  },
  "Evan Engram": {
    "pos": "TE",
    "team": "DEN",
    "one_qb": 91,
    "superflex": 84
  },
  "Cooper Kupp": {
    "pos": "WR",
    "team": "SEA",
    "one_qb": 89,
    "superflex": 85
  },
  "Xavier Legette": {
    "pos": "WR",
    "team": "CAR",
    "one_qb": 88,
    "superflex": 84
  },
  "Keenan Allen": {
    "pos": "WR",
    "team": "LAC",
    "one_qb": 87,
    "superflex": 83
  },
  "Christian Kirk": {
    "pos": "WR",
    "team": "HOU",
    "one_qb": 86,
    "superflex": 80
  },
  "Justin Fields": {
    "pos": "QB",
    "team": "NYJ",
    "one_qb": 83,
    "superflex": 350
  },
  "Tre Tucker": {
    "pos": "WR",
    "team": "LV",
    "one_qb": 82,
    "superflex": 73
  },
  "Ollie Gordon II": {
    "pos": "RB",
    "team": "MIA",
    "one_qb": 80,
    "superflex": 75
  },
  "Ben Sinnott": {
    "pos": "TE",
    "team": "WAS",
    "one_qb": 79,
    "superflex": 76
  },
  "Adam Thielen": {
    "pos": "WR",
    "team": "FA",
    "one_qb": 76,
    "superflex": 80
  },
  "Michael Mayer": {
    "pos": "TE",
    "team": "LV",
    "one_qb": 75,
    "superflex": 70
  },
  "Emmett Johnson": {
    "pos": "RB",
    "team": "FA",
    "one_qb": 74,
    "superflex": 79
  },
  "Ted Hurst": {
    "pos": "WR",
    "team": "FA",
    "one_qb": 73,
    "superflex": 61
  },
  "Ray Davis": {
    "pos": "RB",
    "team": "BUF",
    "one_qb": 72,
    "superflex": 70
  },
  "Mac Jones": {
    "pos": "QB",
    "team": "SF",
    "one_qb": 71,
    "superflex": 311
  },
  "Marquise Brown": {
    "pos": "WR",
    "team": "KC",
    "one_qb": 70,
    "superflex": 68
  },
  "Tez Johnson": {
    "pos": "WR",
    "team": "TB",
    "one_qb": 69,
    "superflex": 64
  },
  "Jacoby Brissett": {
    "pos": "QB",
    "team": "ARI",
    "one_qb": 68,
    "superflex": 231
  },
  "DeMario Douglas": {
    "pos": "WR",
    "team": "NE",
    "one_qb": 67,
    "superflex": 68
  },
  "Bryce Lance": {
    "pos": "WR",
    "team": "FA",
    "one_qb": 67,
    "superflex": 63
  },
  "Malik Washington": {
    "pos": "WR",
    "team": "MIA",
    "one_qb": 66,
    "superflex": 61
  },
  "Deion Burks": {
    "pos": "WR",
    "team": "FA",
    "one_qb": 64,
    "superflex": 43
  },
  "Darius Slayton": {
    "pos": "WR",
    "team": "NYG",
    "one_qb": 63,
    "superflex": 63
  },
  "Jaylen Wright": {
    "pos": "RB",
    "team": "MIA",
    "one_qb": 59,
    "superflex": 57
  },
  "Sean Tucker": {
    "pos": "RB",
    "team": "TB",
    "one_qb": 58,
    "superflex": 59
  },
  "Kaytron Allen": {
    "pos": "RB",
    "team": "FA",
    "one_qb": 57,
    "superflex": 64
  },
  "Skyler Bell": {
    "pos": "WR",
    "team": "FA",
    "one_qb": 52,
    "superflex": 54
  },
  "Tyren Montgomery": {
    "pos": "WR",
    "team": "FA",
    "one_qb": 51,
    "superflex": 46
  },
  "Devaughn Vele": {
    "pos": "WR",
    "team": "NO",
    "one_qb": 50,
    "superflex": 48
  },
  "Diontae Johnson": {
    "pos": "WR",
    "team": "FA",
    "one_qb": 50,
    "superflex": 36
  },
  "Jack Endries": {
    "pos": "TE",
    "team": "FA",
    "one_qb": 49,
    "superflex": 43
  },
  "Colby Parkinson": {
    "pos": "TE",
    "team": "LAR",
    "one_qb": 49,
    "superflex": 51
  },
  "Ryan Flournoy": {
    "pos": "WR",
    "team": "DAL",
    "one_qb": 49,
    "superflex": 50
  },
  "Geno Smith": {
    "pos": "QB",
    "team": "LV",
    "one_qb": 49,
    "superflex": 223
  },
  "Cole Kmet": {
    "pos": "TE",
    "team": "CHI",
    "one_qb": 46,
    "superflex": 47
  },
  "Joe Mixon": {
    "pos": "RB",
    "team": "HOU",
    "one_qb": 46,
    "superflex": 48
  },
  "Joshua Palmer": {
    "pos": "WR",
    "team": "BUF",
    "one_qb": 45,
    "superflex": 47
  },
  "Jake Tonges": {
    "pos": "TE",
    "team": "SF",
    "one_qb": 45,
    "superflex": 50
  },
  "Najee Harris": {
    "pos": "RB",
    "team": "LAC",
    "one_qb": 43,
    "superflex": 48
  },
  "Malik Davis": {
    "pos": "RB",
    "team": "DAL",
    "one_qb": 43,
    "superflex": 41
  },
  "Ty Simpson": {
    "pos": "QB",
    "team": "FA",
    "one_qb": 43,
    "superflex": 247
  },
  "Brashard Smith": {
    "pos": "RB",
    "team": "KC",
    "one_qb": 42,
    "superflex": 47
  },
  "Isaiah Bond": {
    "pos": "WR",
    "team": "CLE",
    "one_qb": 41,
    "superflex": 43
  },
  "Aaron Rodgers": {
    "pos": "QB",
    "team": "PIT",
    "one_qb": 41,
    "superflex": 242
  },
  "Kendre Miller": {
    "pos": "RB",
    "team": "NO",
    "one_qb": 40,
    "superflex": 43
  },
  "Dont'e Thornton Jr.": {
    "pos": "WR",
    "team": "LV",
    "one_qb": 39,
    "superflex": 40
  },
  "Keaton Mitchell": {
    "pos": "RB",
    "team": "BAL",
    "one_qb": 38,
    "superflex": 44
  },
  "Jalen Royals": {
    "pos": "WR",
    "team": "KC",
    "one_qb": 37,
    "superflex": 38
  },
  "Demond Claiborne": {
    "pos": "RB",
    "team": "FA",
    "one_qb": 37,
    "superflex": 41
  },
  "Jonnu Smith": {
    "pos": "TE",
    "team": "PIT",
    "one_qb": 37,
    "superflex": 42
  },
  "Tanner Koziol": {
    "pos": "TE",
    "team": "FA",
    "one_qb": 37,
    "superflex": 39
  },
  "Chris Rodriguez Jr.": {
    "pos": "RB",
    "team": "WAS",
    "one_qb": 36,
    "superflex": 43
  },
  "Ja'Tavion Sanders": {
    "pos": "TE",
    "team": "CAR",
    "one_qb": 36,
    "superflex": 40
  },
  "Andrei Iosivas": {
    "pos": "WR",
    "team": "CIN",
    "one_qb": 35,
    "superflex": 36
  },
  "Mike Gesicki": {
    "pos": "TE",
    "team": "CIN",
    "one_qb": 35,
    "superflex": 40
  },
  "Kirk Cousins": {
    "pos": "QB",
    "team": "ATL",
    "one_qb": 35,
    "superflex": 144
  },
  "Jalen Milroe": {
    "pos": "QB",
    "team": "SEA",
    "one_qb": 32,
    "superflex": 180
  },
  "Jaydon Blue": {
    "pos": "RB",
    "team": "DAL",
    "one_qb": 32,
    "superflex": 38
  },
  "Emanuel Wilson": {
    "pos": "RB",
    "team": "GB",
    "one_qb": 30,
    "superflex": 41
  },
  "Roman Wilson": {
    "pos": "WR",
    "team": "PIT",
    "one_qb": 29,
    "superflex": 32
  },
  "Darnell Washington": {
    "pos": "TE",
    "team": "PIT",
    "one_qb": 29,
    "superflex": 33
  },
  "DeAndre Hopkins": {
    "pos": "WR",
    "team": "BAL",
    "one_qb": 28,
    "superflex": 27
  },
  "Calvin Austin III": {
    "pos": "WR",
    "team": "PIT",
    "one_qb": 28,
    "superflex": 33
  },
  "DJ Giddens": {
    "pos": "RB",
    "team": "IND",
    "one_qb": 27,
    "superflex": 32
  },
  "Konata Mumpfield": {
    "pos": "WR",
    "team": "LAR",
    "one_qb": 25,
    "superflex": 29
  },
  "Justin Joly": {
    "pos": "TE",
    "team": "FA",
    "one_qb": 25,
    "superflex": 21
  },
  "John Metchie III": {
    "pos": "WR",
    "team": "NYJ",
    "one_qb": 24,
    "superflex": 29
  },
  "Jameis Winston": {
    "pos": "QB",
    "team": "NYG",
    "one_qb": 24,
    "superflex": 85
  },
  "Luke McCaffrey": {
    "pos": "WR",
    "team": "WAS",
    "one_qb": 22,
    "superflex": 26
  },
  "Isaiah Davis": {
    "pos": "RB",
    "team": "NYJ",
    "one_qb": 22,
    "superflex": 32
  },
  "Elijah Moore": {
    "pos": "WR",
    "team": "FA",
    "one_qb": 22,
    "superflex": 23
  },
  "Jalen Tolbert": {
    "pos": "WR",
    "team": "DAL",
    "one_qb": 22,
    "superflex": 25
  },
  "Barion Brown": {
    "pos": "WR",
    "team": "FA",
    "one_qb": 21,
    "superflex": 17
  },
  "Marcus Mariota": {
    "pos": "QB",
    "team": "WAS",
    "one_qb": 21,
    "superflex": 44
  },
  "Theo Wease Jr.": {
    "pos": "WR",
    "team": "MIA",
    "one_qb": 20,
    "superflex": 17
  },
  "Zach Ertz": {
    "pos": "TE",
    "team": "WAS",
    "one_qb": 20,
    "superflex": 23
  },
  "Le'Veon Moss": {
    "pos": "RB",
    "team": "FA",
    "one_qb": 19,
    "superflex": 24
  },
  "Jarquez Hunter": {
    "pos": "RB",
    "team": "LAR",
    "one_qb": 19,
    "superflex": 25
  },
  "Jeremy McNichols": {
    "pos": "RB",
    "team": "WAS",
    "one_qb": 19,
    "superflex": 23
  },
  "Jaylin Lane": {
    "pos": "WR",
    "team": "WAS",
    "one_qb": 19,
    "superflex": 22
  },
  "Jawhar Jordan": {
    "pos": "RB",
    "team": "HOU",
    "one_qb": 19,
    "superflex": 25
  },
  "Ja'Lynn Polk": {
    "pos": "WR",
    "team": "NO",
    "one_qb": 19,
    "superflex": 20
  },
  "Philip Rivers": {
    "pos": "QB",
    "team": "IND",
    "one_qb": 18,
    "superflex": 36
  },
  "KeAndre Lambert-Smith": {
    "pos": "WR",
    "team": "LAC",
    "one_qb": 18,
    "superflex": 22
  },
  "Jalen Nailor": {
    "pos": "WR",
    "team": "MIN",
    "one_qb": 18,
    "superflex": 24
  },
  "Javon Baker": {
    "pos": "WR",
    "team": "FA",
    "one_qb": 18,
    "superflex": 20
  },
  "Joe Royer": {
    "pos": "TE",
    "team": "FA",
    "one_qb": 18,
    "superflex": 29
  },
  "Spencer Rattler": {
    "pos": "QB",
    "team": "NO",
    "one_qb": 18,
    "superflex": 28
  },
  "Savion Williams": {
    "pos": "WR",
    "team": "GB",
    "one_qb": 17,
    "superflex": 22
  },
  "Jordan Whittington": {
    "pos": "WR",
    "team": "LAR",
    "one_qb": 17,
    "superflex": 21
  },
  "Russell Wilson": {
    "pos": "QB",
    "team": "NYG",
    "one_qb": 17,
    "superflex": 92
  },
  "Kareem Hunt": {
    "pos": "RB",
    "team": "KC",
    "one_qb": 17,
    "superflex": 25
  },
  "Kendrick Bourne": {
    "pos": "WR",
    "team": "SF",
    "one_qb": 17,
    "superflex": 25
  },
  "Noah Gray": {
    "pos": "TE",
    "team": "KC",
    "one_qb": 17,
    "superflex": 21
  },
  "Quinn Ewers": {
    "pos": "QB",
    "team": "MIA",
    "one_qb": 17,
    "superflex": 78
  },
  "Kevin Austin Jr.": {
    "pos": "WR",
    "team": "NO",
    "one_qb": 17,
    "superflex": 15
  },
  "Brady Cook": {
    "pos": "QB",
    "team": "NYJ",
    "one_qb": 17,
    "superflex": 35
  },
  "Audric Estime": {
    "pos": "RB",
    "team": "NO",
    "one_qb": 17,
    "superflex": 25
  },
  "Devin Singletary": {
    "pos": "RB",
    "team": "NYG",
    "one_qb": 16,
    "superflex": 25
  },
  "Darren Waller": {
    "pos": "TE",
    "team": "MIA",
    "one_qb": 16,
    "superflex": 26
  },
  "Tyler Lockett": {
    "pos": "WR",
    "team": "LV",
    "one_qb": 16,
    "superflex": 19
  },
  "Nick Chubb": {
    "pos": "RB",
    "team": "HOU",
    "one_qb": 15,
    "superflex": 23
  },
  "Adam Randall": {
    "pos": "RB",
    "team": "FA",
    "one_qb": 15,
    "superflex": 25
  },
  "Isaac Guerendo": {
    "pos": "RB",
    "team": "SF",
    "one_qb": 15,
    "superflex": 22
  },
  "Tyquan Thornton": {
    "pos": "WR",
    "team": "KC",
    "one_qb": 15,
    "superflex": 19
  },
  "Will Shipley": {
    "pos": "RB",
    "team": "PHI",
    "one_qb": 14,
    "superflex": 22
  },
  "Jerome Ford": {
    "pos": "RB",
    "team": "CLE",
    "one_qb": 14,
    "superflex": 21
  },
  "Will Howard": {
    "pos": "QB",
    "team": "PIT",
    "one_qb": 14,
    "superflex": 32
  },
  "Garrett Nussmeier": {
    "pos": "QB",
    "team": "FA",
    "one_qb": 14,
    "superflex": 4
  },
  "Mack Hollins": {
    "pos": "WR",
    "team": "NE",
    "one_qb": 14,
    "superflex": 19
  },
  "Noah Fant": {
    "pos": "TE",
    "team": "CIN",
    "one_qb": 13,
    "superflex": 21
  },
  "Gardner Minshew II": {
    "pos": "QB",
    "team": "KC",
    "one_qb": 13,
    "superflex": 37
  },
  "Dawson Knox": {
    "pos": "TE",
    "team": "BUF",
    "one_qb": 13,
    "superflex": 20
  },
  "Will Levis": {
    "pos": "QB",
    "team": "TEN",
    "one_qb": 13,
    "superflex": 44
  },
  "Emari Demercado": {
    "pos": "RB",
    "team": "ARI",
    "one_qb": 13,
    "superflex": 19
  },
  "Bam Knight": {
    "pos": "RB",
    "team": "ARI",
    "one_qb": 13,
    "superflex": 21
  },
  "Greg Dulcich": {
    "pos": "TE",
    "team": "MIA",
    "one_qb": 12,
    "superflex": 17
  },
  "Dillon Gabriel": {
    "pos": "QB",
    "team": "CLE",
    "one_qb": 12,
    "superflex": 20
  },
  "MarShawn Lloyd": {
    "pos": "RB",
    "team": "GB",
    "one_qb": 12,
    "superflex": 19
  },
  "Tyrell Shavers": {
    "pos": "WR",
    "team": "BUF",
    "one_qb": 12,
    "superflex": 11
  },
  "Joe Milton III": {
    "pos": "QB",
    "team": "DAL",
    "one_qb": 12,
    "superflex": 41
  },
  "Jahdae Walker": {
    "pos": "WR",
    "team": "CHI",
    "one_qb": 12,
    "superflex": 12
  },
  "Xavier Restrepo": {
    "pos": "WR",
    "team": "TEN",
    "one_qb": 12,
    "superflex": 13
  },
  "Tahj Brooks": {
    "pos": "RB",
    "team": "CIN",
    "one_qb": 12,
    "superflex": 19
  },
  "Michael Carter": {
    "pos": "RB",
    "team": "ARI",
    "one_qb": 12,
    "superflex": 22
  },
  "Elijah Mitchell": {
    "pos": "RB",
    "team": "NE",
    "one_qb": 12,
    "superflex": 19
  },
  "Brandin Cooks": {
    "pos": "WR",
    "team": "BUF",
    "one_qb": 12,
    "superflex": 15
  },
  "Damien Martinez": {
    "pos": "RB",
    "team": "GB",
    "one_qb": 12,
    "superflex": 17
  },
  "Jermaine Burton": {
    "pos": "WR",
    "team": "FA",
    "one_qb": 12,
    "superflex": 16
  },
  "Taysom Hill": {
    "pos": "TE",
    "team": "NO",
    "one_qb": 12,
    "superflex": 18
  },
  "Jam Miller": {
    "pos": "RB",
    "team": "FA",
    "one_qb": 12,
    "superflex": 14
  },
  "Tutu Atwell": {
    "pos": "WR",
    "team": "LAR",
    "one_qb": 11,
    "superflex": 14
  },
  "Trevor Etienne": {
    "pos": "RB",
    "team": "CAR",
    "one_qb": 11,
    "superflex": 17
  },
  "Joe Flacco": {
    "pos": "QB",
    "team": "CIN",
    "one_qb": 11,
    "superflex": 76
  },
  "Luke Musgrave": {
    "pos": "TE",
    "team": "GB",
    "one_qb": 11,
    "superflex": 18
  },
  "Davis Mills": {
    "pos": "QB",
    "team": "HOU",
    "one_qb": 11,
    "superflex": 21
  },
  "Aidan O'Connell": {
    "pos": "QB",
    "team": "LV",
    "one_qb": 11,
    "superflex": 26
  },
  "Zack Moss": {
    "pos": "RB",
    "team": "FA",
    "one_qb": 11,
    "superflex": 14
  },
  "Khalil Herbert": {
    "pos": "RB",
    "team": "NYJ",
    "one_qb": 11,
    "superflex": 14
  },
  "Rasheen Ali": {
    "pos": "RB",
    "team": "BAL",
    "one_qb": 10,
    "superflex": 15
  },
  "Brenen Thompson": {
    "pos": "WR",
    "team": "FA",
    "one_qb": 10,
    "superflex": 18
  },
  "Roschon Johnson": {
    "pos": "RB",
    "team": "CHI",
    "one_qb": 10,
    "superflex": 16
  },
  "Jaleel McLaughlin": {
    "pos": "RB",
    "team": "DEN",
    "one_qb": 10,
    "superflex": 17
  },
  "Jordan James": {
    "pos": "RB",
    "team": "SF",
    "one_qb": 10,
    "superflex": 16
  },
  "Tai Felton": {
    "pos": "WR",
    "team": "MIN",
    "one_qb": 10,
    "superflex": 13
  },
  "Chris Brooks": {
    "pos": "RB",
    "team": "GB",
    "one_qb": 10,
    "superflex": 13
  },
  "Isaiah Hodgins": {
    "pos": "WR",
    "team": "NYG",
    "one_qb": 10,
    "superflex": 11
  },
  "Efton Chism III": {
    "pos": "WR",
    "team": "NE",
    "one_qb": 10,
    "superflex": 11
  },
  "Zay Jones": {
    "pos": "WR",
    "team": "ARI",
    "one_qb": 10,
    "superflex": 10
  },
  "Tyler Badie": {
    "pos": "RB",
    "team": "DEN",
    "one_qb": 10,
    "superflex": 9
  },
  "Samaje Perine": {
    "pos": "RB",
    "team": "CIN",
    "one_qb": 9,
    "superflex": 16
  },
  "Jared Wiley": {
    "pos": "TE",
    "team": "KC",
    "one_qb": 9,
    "superflex": 16
  },
  "Raheem Mostert": {
    "pos": "RB",
    "team": "LV",
    "one_qb": 9,
    "superflex": 17
  },
  "Dyami Brown": {
    "pos": "WR",
    "team": "JAC",
    "one_qb": 9,
    "superflex": 12
  },
  "Tanner McKee": {
    "pos": "QB",
    "team": "PHI",
    "one_qb": 9,
    "superflex": 3
  },
  "Deshaun Watson": {
    "pos": "QB",
    "team": "CLE",
    "one_qb": 9,
    "superflex": 4
  },
  "Phil Mafah": {
    "pos": "RB",
    "team": "DAL",
    "one_qb": 9,
    "superflex": 12
  },
  "Dameon Pierce": {
    "pos": "RB",
    "team": "KC",
    "one_qb": 9,
    "superflex": 12
  },
  "Trey Lance": {
    "pos": "QB",
    "team": "LAC",
    "one_qb": 9,
    "superflex": 28
  },
  "Gabe Davis": {
    "pos": "WR",
    "team": "BUF",
    "one_qb": 9,
    "superflex": 13
  },
  "Tyler Higbee": {
    "pos": "TE",
    "team": "LAR",
    "one_qb": 9,
    "superflex": 14
  },
  "Mitchell Trubisky": {
    "pos": "QB",
    "team": "BUF",
    "one_qb": 8,
    "superflex": 2
  },
  "Kenny Pickett": {
    "pos": "QB",
    "team": "LV",
    "one_qb": 8,
    "superflex": 3
  },
  "Ty Johnson": {
    "pos": "RB",
    "team": "BUF",
    "one_qb": 8,
    "superflex": 15
  },
  "Raheim Sanders": {
    "pos": "RB",
    "team": "CLE",
    "one_qb": 8,
    "superflex": 15
  },
  "Justice Hill": {
    "pos": "RB",
    "team": "BAL",
    "one_qb": 8,
    "superflex": 14
  },
  "Demarcus Robinson": {
    "pos": "WR",
    "team": "SF",
    "one_qb": 8,
    "superflex": 13
  },
  "Riley Leonard": {
    "pos": "QB",
    "team": "IND",
    "one_qb": 8,
    "superflex": 29
  },
  "JuJu Smith-Schuster": {
    "pos": "WR",
    "team": "KC",
    "one_qb": 8,
    "superflex": 12
  },
  "Treylon Burks": {
    "pos": "WR",
    "team": "WAS",
    "one_qb": 8,
    "superflex": 11
  },
  "Noah Brown": {
    "pos": "WR",
    "team": "WAS",
    "one_qb": 8,
    "superflex": 11
  },
  "Mason Rudolph": {
    "pos": "QB",
    "team": "PIT",
    "one_qb": 8,
    "superflex": 17
  },
  "Jordan Watkins": {
    "pos": "WR",
    "team": "SF",
    "one_qb": 7,
    "superflex": 9
  },
  "Tyrod Taylor": {
    "pos": "QB",
    "team": "NYJ",
    "one_qb": 7,
    "superflex": 41
  },
  "Dane Key": {
    "pos": "WR",
    "team": "FA",
    "one_qb": 7,
    "superflex": 10
  },
  "LeQuint Allen Jr.": {
    "pos": "RB",
    "team": "JAC",
    "one_qb": 7,
    "superflex": 13
  },
  "Jahan Dotson": {
    "pos": "WR",
    "team": "PHI",
    "one_qb": 7,
    "superflex": 11
  },
  "Austin Ekeler": {
    "pos": "RB",
    "team": "WAS",
    "one_qb": 7,
    "superflex": 11
  },
  "Brevin Jordan": {
    "pos": "TE",
    "team": "HOU",
    "one_qb": 7,
    "superflex": 14
  },
  "Miles Sanders": {
    "pos": "RB",
    "team": "DAL",
    "one_qb": 7,
    "superflex": 13
  },
  "Xavier Hutchinson": {
    "pos": "WR",
    "team": "HOU",
    "one_qb": 7,
    "superflex": 10
  },
  "Jimmy Horn Jr.": {
    "pos": "WR",
    "team": "CAR",
    "one_qb": 7,
    "superflex": 10
  },
  "Tyler Huntley": {
    "pos": "QB",
    "team": "BAL",
    "one_qb": 7,
    "superflex": 32
  },
  "Zamir White": {
    "pos": "RB",
    "team": "LV",
    "one_qb": 7,
    "superflex": 10
  },
  "Rueben Owens": {
    "pos": "RB",
    "team": "FA",
    "one_qb": 7,
    "superflex": 7
  },
  "Luke Schoonmaker": {
    "pos": "TE",
    "team": "DAL",
    "one_qb": 7,
    "superflex": 9
  },
  "Van Jefferson": {
    "pos": "WR",
    "team": "TEN",
    "one_qb": 6,
    "superflex": 10
  },
  "Ty Chandler": {
    "pos": "RB",
    "team": "MIN",
    "one_qb": 6,
    "superflex": 12
  },
  "Tommy Tremble": {
    "pos": "TE",
    "team": "CAR",
    "one_qb": 6,
    "superflex": 8
  },
  "Jimmy Garoppolo": {
    "pos": "QB",
    "team": "LAR",
    "one_qb": 6,
    "superflex": 101
  },
  "Isaiah Williams": {
    "pos": "WR",
    "team": "FA",
    "one_qb": 5,
    "superflex": 5
  },
  "Josh Cameron": {
    "pos": "WR",
    "team": "FA",
    "one_qb": 6,
    "superflex": 6
  },
  "Seth McGowan": {
    "pos": "RB",
    "team": "FA",
    "one_qb": 6,
    "superflex": 7
  },
  "Darius Cooper": {
    "pos": "WR",
    "team": "PHI",
    "one_qb": 6,
    "superflex": 11
  },
  "Jaydn Ott": {
    "pos": "RB",
    "team": "FA",
    "one_qb": 6,
    "superflex": 7
  },
  "Carson Wentz": {
    "pos": "QB",
    "team": "MIN",
    "one_qb": 6,
    "superflex": 2
  },
  "Ricky White III": {
    "pos": "WR",
    "team": "SEA",
    "one_qb": 6,
    "superflex": 6
  },
  "Antonio Gibson": {
    "pos": "RB",
    "team": "NE",
    "one_qb": 6,
    "superflex": 11
  },
  "Jalin Hyatt": {
    "pos": "WR",
    "team": "NYG",
    "one_qb": 5,
    "superflex": 5
  },
  "David Sills V": {
    "pos": "WR",
    "team": "ATL",
    "one_qb": 5,
    "superflex": 5
  },
  "Robert Henry Jr.": {
    "pos": "RB",
    "team": "FA",
    "one_qb": 5,
    "superflex": 5
  },
  "Will Dissly": {
    "pos": "TE",
    "team": "LAC",
    "one_qb": 5,
    "superflex": 7
  },
  "Roman Hemby": {
    "pos": "RB",
    "team": "FA",
    "one_qb": 5,
    "superflex": 5
  },
  "Curtis Samuel": {
    "pos": "WR",
    "team": "BUF",
    "one_qb": 5,
    "superflex": 6
  },
  "Kyle McCord": {
    "pos": "QB",
    "team": "GB",
    "one_qb": 5,
    "superflex": 2
  },
  "Drew Lock": {
    "pos": "QB",
    "team": "SEA",
    "one_qb": 5,
    "superflex": 2
  },
  "Erick All Jr.": {
    "pos": "TE",
    "team": "CIN",
    "one_qb": 5,
    "superflex": 9
  },
  "Desmond Reid": {
    "pos": "RB",
    "team": "FA",
    "one_qb": 5,
    "superflex": 5
  },
  "Sterling Shepard": {
    "pos": "WR",
    "team": "TB",
    "one_qb": 5,
    "superflex": 7
  },
  "Greg Dortch": {
    "pos": "WR",
    "team": "ARI",
    "one_qb": 5,
    "superflex": 8
  },
  "Alexander Mattison": {
    "pos": "RB",
    "team": "MIA",
    "one_qb": 5,
    "superflex": 11
  },
  "Nick Nash": {
    "pos": "WR",
    "team": "WAS",
    "one_qb": 5,
    "superflex": 6
  },
  "Mitchell Evans": {
    "pos": "TE",
    "team": "CAR",
    "one_qb": 5,
    "superflex": 9
  },
  "Jake Browning": {
    "pos": "QB",
    "team": "CIN",
    "one_qb": 5,
    "superflex": 3
  },
  "Devontez Walker": {
    "pos": "WR",
    "team": "BAL",
    "one_qb": 5,
    "superflex": 7
  },
  "KaVontae Turpin": {
    "pos": "WR",
    "team": "DAL",
    "one_qb": 5,
    "superflex": 9
  },
  "Mitch Tinsley": {
    "pos": "WR",
    "team": "CIN",
    "one_qb": 5,
    "superflex": 4
  },
  "Olamide Zaccheaus": {
    "pos": "WR",
    "team": "CHI",
    "one_qb": 5,
    "superflex": 9
  },
  "Zavier Scott": {
    "pos": "RB",
    "team": "MIN",
    "one_qb": 4,
    "superflex": 4
  },
  "Oscar Delp": {
    "pos": "TE",
    "team": "FA",
    "one_qb": 4,
    "superflex": 7
  },
  "Thomas Fidone II": {
    "pos": "TE",
    "team": "NYG",
    "one_qb": 4,
    "superflex": 8
  },
  "Josh Reynolds": {
    "pos": "WR",
    "team": "NYJ",
    "one_qb": 4,
    "superflex": 8
  },
  "Nick Westbrook-Ikhine": {
    "pos": "WR",
    "team": "MIA",
    "one_qb": 4,
    "superflex": 7
  },
  "Henry Ruggs III": {
    "pos": "WR",
    "team": "FA",
    "one_qb": 4,
    "superflex": 4
  },
  "Trey Palmer": {
    "pos": "WR",
    "team": "NO",
    "one_qb": 4,
    "superflex": 4
  },
  "Cade Stover": {
    "pos": "TE",
    "team": "HOU",
    "one_qb": 4,
    "superflex": 8
  },
  "J'Mari Taylor": {
    "pos": "RB",
    "team": "FA",
    "one_qb": 4,
    "superflex": 12
  },
  "Sam Roush": {
    "pos": "TE",
    "team": "FA",
    "one_qb": 4,
    "superflex": 9
  },
  "Cam Akers": {
    "pos": "RB",
    "team": "SEA",
    "one_qb": 4,
    "superflex": 5
  },
  "Malachi Corley": {
    "pos": "WR",
    "team": "CLE",
    "one_qb": 4,
    "superflex": 9
  },
  "Terrell Jennings": {
    "pos": "RB",
    "team": "NE",
    "one_qb": 4,
    "superflex": 4
  },
  "Eli Raridon": {
    "pos": "TE",
    "team": "FA",
    "one_qb": 4,
    "superflex": 8
  },
  "Luke Lachey": {
    "pos": "TE",
    "team": "HOU",
    "one_qb": 4,
    "superflex": 5
  },
  "Arian Smith": {
    "pos": "WR",
    "team": "NYJ",
    "one_qb": 4,
    "superflex": 8
  },
  "A.J. Dillon": {
    "pos": "RB",
    "team": "PHI",
    "one_qb": 4,
    "superflex": 8
  },
  "Dallen Bentley": {
    "pos": "TE",
    "team": "FA",
    "one_qb": 4,
    "superflex": 8
  },
  "Andy Dalton": {
    "pos": "QB",
    "team": "CAR",
    "one_qb": 4,
    "superflex": 2
  },
  "Tyler Conklin": {
    "pos": "TE",
    "team": "LAC",
    "one_qb": 4,
    "superflex": 5
  },
  "Marlin Klein": {
    "pos": "TE",
    "team": "FA",
    "one_qb": 4,
    "superflex": 7
  },
  "Lil'Jordan Humphrey": {
    "pos": "WR",
    "team": "DEN",
    "one_qb": 4,
    "superflex": 4
  },
  "Daniel Bellinger": {
    "pos": "TE",
    "team": "NYG",
    "one_qb": 4,
    "superflex": 4
  },
  "Jarrett Stidham": {
    "pos": "QB",
    "team": "DEN",
    "one_qb": 4,
    "superflex": 77
  },
  "Xavier Smith": {
    "pos": "WR",
    "team": "LAR",
    "one_qb": 4,
    "superflex": 4
  },
  "Teddy Bridgewater": {
    "pos": "QB",
    "team": "TB",
    "one_qb": 4,
    "superflex": 3
  },
  "Kalif Raymond": {
    "pos": "WR",
    "team": "DET",
    "one_qb": 4,
    "superflex": 4
  },
  "George Holani": {
    "pos": "RB",
    "team": "SEA",
    "one_qb": 3,
    "superflex": 5
  },
  "Cole Payton": {
    "pos": "QB",
    "team": "FA",
    "one_qb": 3,
    "superflex": 3
  },
  "Jake Bobo": {
    "pos": "WR",
    "team": "SEA",
    "one_qb": 3,
    "superflex": 3
  },
  "Joshua Dobbs": {
    "pos": "QB",
    "team": "NE",
    "one_qb": 3,
    "superflex": 2
  },
  "Beaux Collins": {
    "pos": "WR",
    "team": "NYG",
    "one_qb": 3,
    "superflex": 3
  },
  "Josh Oliver": {
    "pos": "TE",
    "team": "MIN",
    "one_qb": 3,
    "superflex": 6
  },
  "Gavin Bartholomew": {
    "pos": "TE",
    "team": "MIN",
    "one_qb": 3,
    "superflex": 4
  },
  "Zach Wilson": {
    "pos": "QB",
    "team": "MIA",
    "one_qb": 3,
    "superflex": 3
  },
  "Grant Calcaterra": {
    "pos": "TE",
    "team": "PHI",
    "one_qb": 3,
    "superflex": 4
  },
  "Hunter Long": {
    "pos": "TE",
    "team": "JAC",
    "one_qb": 3,
    "superflex": 4
  },
  "Drew Allar": {
    "pos": "QB",
    "team": "FA",
    "one_qb": 3,
    "superflex": 3
  },
  "Austin Hooper": {
    "pos": "TE",
    "team": "NE",
    "one_qb": 3,
    "superflex": 7
  },
  "Jeremy Ruckert": {
    "pos": "TE",
    "team": "NYJ",
    "one_qb": 3,
    "superflex": 5
  },
  "Sincere McCormick": {
    "pos": "RB",
    "team": "FA",
    "one_qb": 3,
    "superflex": 3
  },
  "Marquez Valdes-Scantling": {
    "pos": "WR",
    "team": "PIT",
    "one_qb": 3,
    "superflex": 3
  },
  "Cade Klubnik": {
    "pos": "QB",
    "team": "FA",
    "one_qb": 3,
    "superflex": 3
  },
  "Dante Pettis": {
    "pos": "WR",
    "team": "NO",
    "one_qb": 3,
    "superflex": 3
  },
  "Donovan Edwards": {
    "pos": "RB",
    "team": "MIA",
    "one_qb": 3,
    "superflex": 3
  },
  "Tim Patrick": {
    "pos": "WR",
    "team": "JAC",
    "one_qb": 3,
    "superflex": 3
  },
  "Tyler Johnson": {
    "pos": "WR",
    "team": "NYJ",
    "one_qb": 3,
    "superflex": 3
  },
  "Jackson Hawes": {
    "pos": "TE",
    "team": "BUF",
    "one_qb": 3,
    "superflex": 4
  },
  "A.T. Perry": {
    "pos": "WR",
    "team": "PIT",
    "one_qb": 3,
    "superflex": 3
  },
  "Adam Trautman": {
    "pos": "TE",
    "team": "DEN",
    "one_qb": 3,
    "superflex": 5
  },
  "Rondale Moore": {
    "pos": "WR",
    "team": "MIN",
    "one_qb": 3,
    "superflex": 3
  },
  "Brock Wright": {
    "pos": "TE",
    "team": "DET",
    "one_qb": 3,
    "superflex": 4
  },
  "Bo Melton": {
    "pos": "WR",
    "team": "GB",
    "one_qb": 3,
    "superflex": 3
  },
  "Kalel Mullings": {
    "pos": "RB",
    "team": "TEN",
    "one_qb": 3,
    "superflex": 3
  },
  "Bub Means": {
    "pos": "WR",
    "team": "NO",
    "one_qb": 3,
    "superflex": 3
  },
  "Tyson Bagent": {
    "pos": "QB",
    "team": "CHI",
    "one_qb": 3,
    "superflex": 3
  },
  "Carson Beck": {
    "pos": "QB",
    "team": "FA",
    "one_qb": 3,
    "superflex": 3
  },
  "Davis Allen": {
    "pos": "TE",
    "team": "LAR",
    "one_qb": 3,
    "superflex": 5
  },
  "Hendon Hooker": {
    "pos": "QB",
    "team": "NYJ",
    "one_qb": 3,
    "superflex": 2
  },
  "Jake Briningstool": {
    "pos": "TE",
    "team": "KC",
    "one_qb": 3,
    "superflex": 3
  },
  "Charlie Kolar": {
    "pos": "TE",
    "team": "BAL",
    "one_qb": 3,
    "superflex": 5
  },
  "Jacob Cowing": {
    "pos": "WR",
    "team": "SF",
    "one_qb": 3,
    "superflex": 4
  },
  "Gus Edwards": {
    "pos": "RB",
    "team": "FA",
    "one_qb": 3,
    "superflex": 3
  },
  "Kameron Johnson": {
    "pos": "WR",
    "team": "TB",
    "one_qb": 3,
    "superflex": 3
  },
  "Jonathan Mingo": {
    "pos": "WR",
    "team": "DAL",
    "one_qb": 3,
    "superflex": 3
  },
  "Tyler Scott": {
    "pos": "WR",
    "team": "LAR",
    "one_qb": 3,
    "superflex": 3
  },
  "Foster Moreau": {
    "pos": "TE",
    "team": "NO",
    "one_qb": 3,
    "superflex": 4
  },
  "Ameer Abdullah": {
    "pos": "RB",
    "team": "IND",
    "one_qb": 3,
    "superflex": 3
  },
  "Elijah Higgins": {
    "pos": "TE",
    "team": "ARI",
    "one_qb": 3,
    "superflex": 6
  },
  "Sam Howell": {
    "pos": "QB",
    "team": "PHI",
    "one_qb": 3,
    "superflex": 2
  },
  "Ray-Ray McCloud III": {
    "pos": "WR",
    "team": "FA",
    "one_qb": 3,
    "superflex": 3
  },
  "Dylan Laube": {
    "pos": "RB",
    "team": "LV",
    "one_qb": 3,
    "superflex": 3
  },
  "Trey Sermon": {
    "pos": "RB",
    "team": "FA",
    "one_qb": 3,
    "superflex": 3
  },
  "Ezekiel Elliott": {
    "pos": "RB",
    "team": "FA",
    "one_qb": 3,
    "superflex": 3
  },
  "Jaheim Bell": {
    "pos": "TE",
    "team": "PHI",
    "one_qb": 3,
    "superflex": 3
  },
  "Allen Lazard": {
    "pos": "WR",
    "team": "FA",
    "one_qb": 3,
    "superflex": 3
  },
  "Eric Gray": {
    "pos": "RB",
    "team": "NYG",
    "one_qb": 3,
    "superflex": 3
  },
  "Tanner Hudson": {
    "pos": "TE",
    "team": "CIN",
    "one_qb": 3,
    "superflex": 3
  },
  "Hassan Haskins": {
    "pos": "RB",
    "team": "LAC",
    "one_qb": 3,
    "superflex": 3
  },
  "Nick Mullens": {
    "pos": "QB",
    "team": "JAC",
    "one_qb": 3,
    "superflex": 2
  },
  "Cooper Rush": {
    "pos": "QB",
    "team": "BAL",
    "one_qb": 3,
    "superflex": 2
  },
  "Harrison Bryant": {
    "pos": "TE",
    "team": "HOU",
    "one_qb": 3,
    "superflex": 3
  },
  "LaJohntay Wester": {
    "pos": "WR",
    "team": "BAL",
    "one_qb": 3,
    "superflex": 3
  },
  "Stone Smartt": {
    "pos": "TE",
    "team": "NYJ",
    "one_qb": 3,
    "superflex": 3
  },
  "Desmond Ridder": {
    "pos": "QB",
    "team": "GB",
    "one_qb": 3,
    "superflex": 2
  },
  "Taylen Green": {
    "pos": "QB",
    "team": "FA",
    "one_qb": 3,
    "superflex": 2
  },
  "Max Brosmer": {
    "pos": "QB",
    "team": "MIN",
    "one_qb": 3,
    "superflex": 2
  },
  "Kyle Allen": {
    "pos": "QB",
    "team": "DET",
    "one_qb": 3,
    "superflex": 2
  },
  "Casey Washington": {
    "pos": "WR",
    "team": "ATL",
    "one_qb": 3,
    "superflex": 3
  },
  "Dominic Lovett": {
    "pos": "WR",
    "team": "DET",
    "one_qb": 3,
    "superflex": 3
  },
  "Tip Reiman": {
    "pos": "TE",
    "team": "ARI",
    "one_qb": 3,
    "superflex": 3
  },
  "Kylen Granson": {
    "pos": "TE",
    "team": "PHI",
    "one_qb": 3,
    "superflex": 3
  },
  "Skyy Moore": {
    "pos": "WR",
    "team": "SF",
    "one_qb": 3,
    "superflex": 3
  },
  "Jelani Woods": {
    "pos": "TE",
    "team": "NYJ",
    "one_qb": 3,
    "superflex": 3
  },
  "Brenden Rice": {
    "pos": "WR",
    "team": "LV",
    "one_qb": 2,
    "superflex": 2
  },
  "Hayden Hurst": {
    "pos": "TE",
    "team": "FA",
    "one_qb": 2,
    "superflex": 3
  },
  "Johnny Wilson": {
    "pos": "WR",
    "team": "PHI",
    "one_qb": 2,
    "superflex": 2
  },
  "John Bates": {
    "pos": "TE",
    "team": "WAS",
    "one_qb": 2,
    "superflex": 4
  },
  "Marcus Yarns": {
    "pos": "RB",
    "team": "FA",
    "one_qb": 2,
    "superflex": 2
  },
  "Ainias Smith": {
    "pos": "WR",
    "team": "CAR",
    "one_qb": 2,
    "superflex": 2
  },
  "Terrace Marshall Jr.": {
    "pos": "WR",
    "team": "MIA",
    "one_qb": 2,
    "superflex": 2
  },
  "David Moore": {
    "pos": "WR",
    "team": "CAR",
    "one_qb": 2,
    "superflex": 2
  },
  "Stetson Bennett IV": {
    "pos": "QB",
    "team": "LAR",
    "one_qb": 2,
    "superflex": 2
  },
  "Jalin Conyers": {
    "pos": "TE",
    "team": "MIA",
    "one_qb": 2,
    "superflex": 3
  },
  "Jamari Thrash": {
    "pos": "WR",
    "team": "CLE",
    "one_qb": 2,
    "superflex": 2
  },
  "Gerald Everett": {
    "pos": "TE",
    "team": "FA",
    "one_qb": 2,
    "superflex": 3
  },
  "Kurtis Rourke": {
    "pos": "QB",
    "team": "SF",
    "one_qb": 2,
    "superflex": 2
  },
  "Jaret Patterson": {
    "pos": "RB",
    "team": "LAC",
    "one_qb": 2,
    "superflex": 2
  },
  "DJ Chark Jr.": {
    "pos": "WR",
    "team": "FA",
    "one_qb": 2,
    "superflex": 2
  },
  "Hunter Renfrow": {
    "pos": "WR",
    "team": "FA",
    "one_qb": 2,
    "superflex": 2
  },
  "Corey Kiner": {
    "pos": "RB",
    "team": "ARI",
    "one_qb": 2,
    "superflex": 2
  },
  "Cole Turner": {
    "pos": "TE",
    "team": "MIA",
    "one_qb": 2,
    "superflex": 3
  },
  "Evan Hull": {
    "pos": "RB",
    "team": "NO",
    "one_qb": 2,
    "superflex": 2
  },
  "Sione Vaki": {
    "pos": "RB",
    "team": "DET",
    "one_qb": 2,
    "superflex": 2
  },
  "Julian Hill": {
    "pos": "TE",
    "team": "MIA",
    "one_qb": 2,
    "superflex": 3
  },
  "Dorian Thompson-Robinson": {
    "pos": "QB",
    "team": "FA",
    "one_qb": 2,
    "superflex": 2
  },
  "Albert Okwuegbunam Jr.": {
    "pos": "TE",
    "team": "LV",
    "one_qb": 2,
    "superflex": 3
  },
  "Bailey Zappe": {
    "pos": "QB",
    "team": "NYJ",
    "one_qb": 2,
    "superflex": 2
  },
  "Jalen Brooks": {
    "pos": "WR",
    "team": "ARI",
    "one_qb": 2,
    "superflex": 2
  },
  "Craig Reynolds": {
    "pos": "RB",
    "team": "NE",
    "one_qb": 2,
    "superflex": 2
  },
  "Justin Watson": {
    "pos": "WR",
    "team": "HOU",
    "one_qb": 2,
    "superflex": 2
  },
  "Cedrick Wilson Jr.": {
    "pos": "WR",
    "team": "MIA",
    "one_qb": 2,
    "superflex": 2
  },
  "Tyler Goodson": {
    "pos": "RB",
    "team": "IND",
    "one_qb": 2,
    "superflex": 2
  },
  "Charlie Jones": {
    "pos": "WR",
    "team": "CIN",
    "one_qb": 2,
    "superflex": 2
  },
  "Irv Smith Jr.": {
    "pos": "TE",
    "team": "FA",
    "one_qb": 2,
    "superflex": 2
  },
  "Josh Whyle": {
    "pos": "TE",
    "team": "GB",
    "one_qb": 2,
    "superflex": 2
  },
  "Tommy DeVito": {
    "pos": "QB",
    "team": "NE",
    "one_qb": 2,
    "superflex": 2
  },
  "Moliki Matavao": {
    "pos": "TE",
    "team": "NO",
    "one_qb": 2,
    "superflex": 2
  },
  "Josh Johnson": {
    "pos": "QB",
    "team": "WAS",
    "one_qb": 2,
    "superflex": 2
  },
  "Kenny McIntosh": {
    "pos": "RB",
    "team": "SEA",
    "one_qb": 2,
    "superflex": 2
  },
  "DeeJay Dallas": {
    "pos": "RB",
    "team": "JAC",
    "one_qb": 2,
    "superflex": 2
  },
  "Robert Tonyan": {
    "pos": "TE",
    "team": "KC",
    "one_qb": 2,
    "superflex": 2
  },
  "Israel Abanikanda": {
    "pos": "RB",
    "team": "DAL",
    "one_qb": 2,
    "superflex": 2
  },
  "Luke Farrell": {
    "pos": "TE",
    "team": "SF",
    "one_qb": 2,
    "superflex": 2
  },
  "K.J. Osborn": {
    "pos": "WR",
    "team": "FA",
    "one_qb": 2,
    "superflex": 2
  },
  "Keaontay Ingram": {
    "pos": "RB",
    "team": "KC",
    "one_qb": 2,
    "superflex": 2
  },
  "Carson Steele": {
    "pos": "RB",
    "team": "PHI",
    "one_qb": 2,
    "superflex": 2
  },
  "Skylar Thompson": {
    "pos": "QB",
    "team": "PIT",
    "one_qb": 2,
    "superflex": 1
  },
  "Easton Stick": {
    "pos": "QB",
    "team": "ATL",
    "one_qb": 2,
    "superflex": 1
  },
  "Johnny Mundt": {
    "pos": "TE",
    "team": "JAC",
    "one_qb": 2,
    "superflex": 2
  },
  "Sam Ehlinger": {
    "pos": "QB",
    "team": "DEN",
    "one_qb": 2,
    "superflex": 1
  },
  "Drew Sample": {
    "pos": "TE",
    "team": "CIN",
    "one_qb": 2,
    "superflex": 2
  },
  "Cody Schrader": {
    "pos": "RB",
    "team": "DEN",
    "one_qb": 2,
    "superflex": 2
  },
  "Drew Ogletree": {
    "pos": "TE",
    "team": "IND",
    "one_qb": 2,
    "superflex": 2
  },
  "Will Mallory": {
    "pos": "TE",
    "team": "IND",
    "one_qb": 2,
    "superflex": 2
  },
  "Payne Durham": {
    "pos": "TE",
    "team": "TB",
    "one_qb": 2,
    "superflex": 2
  },
  "Lucas Krull": {
    "pos": "TE",
    "team": "DEN",
    "one_qb": 2,
    "superflex": 2
  },
  "Charlie Woerner": {
    "pos": "TE",
    "team": "ATL",
    "one_qb": 2,
    "superflex": 2
  },
  "Clyde Edwards-Helaire": {
    "pos": "RB",
    "team": "FA",
    "one_qb": 2,
    "superflex": 2
  },
  "Pierre Strong Jr.": {
    "pos": "RB",
    "team": "GB",
    "one_qb": 2,
    "superflex": 2
  },
  "Scotty Miller": {
    "pos": "WR",
    "team": "PIT",
    "one_qb": 2,
    "superflex": 2
  },
  "Tyler Boyd": {
    "pos": "WR",
    "team": "FA",
    "one_qb": 2,
    "superflex": 2
  },
  "Deuce Vaughn": {
    "pos": "RB",
    "team": "DEN",
    "one_qb": 2,
    "superflex": 2
  },
  "D'Ernest Johnson": {
    "pos": "RB",
    "team": "NE",
    "one_qb": 2,
    "superflex": 2
  },
  "Velus Jones Jr.": {
    "pos": "WR",
    "team": "SEA",
    "one_qb": 2,
    "superflex": 2
  },
  "Salvon Ahmed": {
    "pos": "RB",
    "team": "IND",
    "one_qb": 2,
    "superflex": 2
  },
  "Blake Watson": {
    "pos": "RB",
    "team": "TEN",
    "one_qb": 2,
    "superflex": 2
  },
  "Devin Culp": {
    "pos": "TE",
    "team": "TB",
    "one_qb": 2,
    "superflex": 2
  },
  "Dare Ogunbowale": {
    "pos": "RB",
    "team": "HOU",
    "one_qb": 2,
    "superflex": 2
  },
  "Derius Davis": {
    "pos": "WR",
    "team": "LAC",
    "one_qb": 2,
    "superflex": 2
  },
  "Eric Saubert": {
    "pos": "TE",
    "team": "SEA",
    "one_qb": 2,
    "superflex": 2
  },
  "Brevyn Spann-Ford": {
    "pos": "TE",
    "team": "DAL",
    "one_qb": 2,
    "superflex": 2
  },
  "Donovan Peoples-Jones": {
    "pos": "WR",
    "team": "FA",
    "one_qb": 2,
    "superflex": 2
  },
  "Parris Campbell": {
    "pos": "WR",
    "team": "DAL",
    "one_qb": 1,
    "superflex": 1
  },
  "Jamaal Williams": {
    "pos": "RB",
    "team": "FA",
    "one_qb": 1,
    "superflex": 1
  },
  "Case Keenum": {
    "pos": "QB",
    "team": "CHI",
    "one_qb": 1,
    "superflex": 1
  },
  "Donald Parham Jr.": {
    "pos": "TE",
    "team": "PIT",
    "one_qb": 1,
    "superflex": 2
  },
  "Chase Edmonds": {
    "pos": "RB",
    "team": "WAS",
    "one_qb": 1,
    "superflex": 1
  },
  "Julius Chestnut": {
    "pos": "RB",
    "team": "TEN",
    "one_qb": 1,
    "superflex": 1
  },
  "Dalvin Cook": {
    "pos": "RB",
    "team": "FA",
    "one_qb": 1,
    "superflex": 1
  },
  "Tylan Wallace": {
    "pos": "WR",
    "team": "BAL",
    "one_qb": 1,
    "superflex": 1
  },
  "Ronnie Bell": {
    "pos": "WR",
    "team": "NO",
    "one_qb": 1,
    "superflex": 1
  },
  "Frank Gore Jr.": {
    "pos": "RB",
    "team": "BUF",
    "one_qb": 1,
    "superflex": 1
  },
  "Ronnie Rivers": {
    "pos": "RB",
    "team": "LAR",
    "one_qb": 1,
    "superflex": 1
  },
  "Travis Homer": {
    "pos": "RB",
    "team": "CHI",
    "one_qb": 1,
    "superflex": 1
  },
  "Jeff Wilson Jr.": {
    "pos": "RB",
    "team": "FA",
    "one_qb": 1,
    "superflex": 1
  },
  "Kendall Milton": {
    "pos": "RB",
    "team": "FA",
    "one_qb": 1,
    "superflex": 1
  },
  "Kyle Philips": {
    "pos": "WR",
    "team": "FA",
    "one_qb": 1,
    "superflex": 1
  },
  "Deneric Prince": {
    "pos": "RB",
    "team": "NE",
    "one_qb": 1,
    "superflex": 1
  },
  "Mo Alie-Cox": {
    "pos": "TE",
    "team": "IND",
    "one_qb": 1,
    "superflex": 2
  },
  "D'Onta Foreman": {
    "pos": "RB",
    "team": "FA",
    "one_qb": 1,
    "superflex": 1
  },
  "Cordarrelle Patterson": {
    "pos": "RB",
    "team": "FA",
    "one_qb": 1,
    "superflex": 1
  },
  "Connor Heyward": {
    "pos": "TE",
    "team": "PIT",
    "one_qb": 1,
    "superflex": 2
  },
  "Quintin Morris": {
    "pos": "TE",
    "team": "JAC",
    "one_qb": 1,
    "superflex": 2
  },
  "Keilan Robinson": {
    "pos": "RB",
    "team": "NYJ",
    "one_qb": 1,
    "superflex": 1
  },
  "Xavier Gipson": {
    "pos": "WR",
    "team": "NYG",
    "one_qb": 1,
    "superflex": 1
  },
  "Anthony Gould": {
    "pos": "WR",
    "team": "IND",
    "one_qb": 1,
    "superflex": 1
  },
  "Tahj Washington": {
    "pos": "WR",
    "team": "MIA",
    "one_qb": 1,
    "superflex": 1
  },
  "Nelson Agholor": {
    "pos": "WR",
    "team": "FA",
    "one_qb": 1,
    "superflex": 1
  },
  "Sean Clifford": {
    "pos": "QB",
    "team": "CIN",
    "one_qb": 1,
    "superflex": 1
  },
  "Trayveon Williams": {
    "pos": "RB",
    "team": "CLE",
    "one_qb": 1,
    "superflex": 1
  },
  "Gary Brightwell": {
    "pos": "RB",
    "team": "CIN",
    "one_qb": 1,
    "superflex": 1
  },
  "Ian Thomas": {
    "pos": "TE",
    "team": "LV",
    "one_qb": 1,
    "superflex": 1
  },
  "Zach Pascal": {
    "pos": "WR",
    "team": "FA",
    "one_qb": 1,
    "superflex": 1
  },
  "Braxton Berrios": {
    "pos": "WR",
    "team": "HOU",
    "one_qb": 1,
    "superflex": 1
  },
  "Durham Smythe": {
    "pos": "TE",
    "team": "CHI",
    "one_qb": 1,
    "superflex": 1
  },
  "Joshua Kelley": {
    "pos": "RB",
    "team": "FA",
    "one_qb": 1,
    "superflex": 1
  },
  "Ben Skowronek": {
    "pos": "WR",
    "team": "PIT",
    "one_qb": 1,
    "superflex": 1
  },
  "Allen Robinson II": {
    "pos": "WR",
    "team": "FA",
    "one_qb": 1,
    "superflex": 1
  },
  "James Mitchell": {
    "pos": "TE",
    "team": "CAR",
    "one_qb": 1,
    "superflex": 1
  },
  "Mecole Hardman Jr.": {
    "pos": "WR",
    "team": "BUF",
    "one_qb": 1,
    "superflex": 1
  },
  "Odell Beckham Jr.": {
    "pos": "WR",
    "team": "FA",
    "one_qb": 1,
    "superflex": 1
  },
  "Chris Moore": {
    "pos": "WR",
    "team": "WAS",
    "one_qb": 1,
    "superflex": 1
  },
  "Jase McClellan": {
    "pos": "RB",
    "team": "FA",
    "one_qb": 1,
    "superflex": 1
  },
  "Chase Claypool": {
    "pos": "WR",
    "team": "FA",
    "one_qb": 1,
    "superflex": 1
  },
  "Ashton Dulin": {
    "pos": "WR",
    "team": "IND",
    "one_qb": 1,
    "superflex": 1
  },
  "Robert Woods": {
    "pos": "WR",
    "team": "FA",
    "one_qb": 1,
    "superflex": 1
  },
  "Trenton Irwin": {
    "pos": "WR",
    "team": "FA",
    "one_qb": 1,
    "superflex": 1
  },
  "Jalen Reagor": {
    "pos": "WR",
    "team": "FA",
    "one_qb": 1,
    "superflex": 1
  },
  "Justyn Ross": {
    "pos": "WR",
    "team": "FA",
    "one_qb": 1,
    "superflex": 1
  },
  "Darrynton Evans": {
    "pos": "RB",
    "team": "FA",
    "one_qb": 1,
    "superflex": 1
  },
  "Malik Heath": {
    "pos": "WR",
    "team": "ATL",
    "one_qb": 1,
    "superflex": 1
  },
  "Shane Zylstra": {
    "pos": "TE",
    "team": "DET",
    "one_qb": 1,
    "superflex": 1
  },
  "Quez Watkins": {
    "pos": "WR",
    "team": "PHI",
    "one_qb": 1,
    "superflex": 1
  },
  "Devin Duvernay": {
    "pos": "WR",
    "team": "CHI",
    "one_qb": 1,
    "superflex": 1
  },
  "Trent Sherfield Sr.": {
    "pos": "WR",
    "team": "NE",
    "one_qb": 1,
    "superflex": 1
  },
  "Teagan Quitoriano": {
    "pos": "TE",
    "team": "ATL",
    "one_qb": 1,
    "superflex": 1
  },
  "Mike Boone": {
    "pos": "RB",
    "team": "FA",
    "one_qb": 1,
    "superflex": 1
  },
  "Tyrion Davis-Price": {
    "pos": "RB",
    "team": "FA",
    "one_qb": 1,
    "superflex": 1
  },
  "Michael Thomas": {
    "pos": "WR",
    "team": "FA",
    "one_qb": 1,
    "superflex": 1
  },
  "Dillon Johnson": {
    "pos": "RB",
    "team": "FA",
    "one_qb": 1,
    "superflex": 1
  },
  "Daijun Edwards": {
    "pos": "RB",
    "team": "FA",
    "one_qb": 1,
    "superflex": 1
  },
  "Kene Nwangwu": {
    "pos": "RB",
    "team": "NYJ",
    "one_qb": 1,
    "superflex": 1
  },
  "Jack Stoll": {
    "pos": "TE",
    "team": "NO",
    "one_qb": 1,
    "superflex": 1
  },
  "JaMycal Hasty": {
    "pos": "RB",
    "team": "FA",
    "one_qb": 1,
    "superflex": 1
  },
  "Isaiah Spiller": {
    "pos": "RB",
    "team": "FA",
    "one_qb": 1,
    "superflex": 1
  },
  "Chris Evans": {
    "pos": "RB",
    "team": "FA",
    "one_qb": 1,
    "superflex": 1
  },
  "Jerick McKinnon": {
    "pos": "RB",
    "team": "FA",
    "one_qb": 1,
    "superflex": 1
  },
  "Kevin Harris": {
    "pos": "RB",
    "team": "FA",
    "one_qb": 1,
    "superflex": 1
  },
  "Laviska Shenault Jr.": {
    "pos": "WR",
    "team": "FA",
    "one_qb": 1,
    "superflex": 1
  },
  "Emani Bailey": {
    "pos": "RB",
    "team": "FA",
    "one_qb": 1,
    "superflex": 1
  },
  "Dee Eskridge": {
    "pos": "WR",
    "team": "MIA",
    "one_qb": 1,
    "superflex": 1
  },
  "Royce Freeman": {
    "pos": "RB",
    "team": "FA",
    "one_qb": 1,
    "superflex": 1
  },
  "Nyheim Miller-Hines": {
    "pos": "RB",
    "team": "FA",
    "one_qb": 1,
    "superflex": 1
  },
  "DeWayne McBride": {
    "pos": "RB",
    "team": "FA",
    "one_qb": 1,
    "superflex": 1
  },
  "Russell Gage Jr.": {
    "pos": "WR",
    "team": "FA",
    "one_qb": 1,
    "superflex": 1
  },
  "Bryce Ford-Wheaton": {
    "pos": "WR",
    "team": "NYG",
    "one_qb": 1,
    "superflex": 1
  },
  "Michael Wiley": {
    "pos": "RB",
    "team": "TB",
    "one_qb": 1,
    "superflex": 1
  },
  "Matt Breida": {
    "pos": "RB",
    "team": "FA",
    "one_qb": 1,
    "superflex": 1
  },
  "Tejhaun Palmer": {
    "pos": "WR",
    "team": "ARI",
    "one_qb": 1,
    "superflex": 1
  },
  "Jason Brownlee": {
    "pos": "WR",
    "team": "KC",
    "one_qb": 1,
    "superflex": 1
  },
  "DeAndre Carter": {
    "pos": "WR",
    "team": "CLE",
    "one_qb": 1,
    "superflex": 1
  },
  "Jamison Crowder": {
    "pos": "WR",
    "team": "FA",
    "one_qb": 1,
    "superflex": 1
  },
  "Danny Gray": {
    "pos": "WR",
    "team": "PHI",
    "one_qb": 1,
    "superflex": 1
  },
  "Leonard Fournette": {
    "pos": "RB",
    "team": "FA",
    "one_qb": 1,
    "superflex": 1
  },
  "Darrell Henderson Jr.": {
    "pos": "RB",
    "team": "FA",
    "one_qb": 1,
    "superflex": 1
  },
  "Boston Scott": {
    "pos": "RB",
    "team": "FA",
    "one_qb": 1,
    "superflex": 1
  },
  "James Robinson": {
    "pos": "RB",
    "team": "FA",
    "one_qb": 1,
    "superflex": 1
  },
  "Ke'Shawn Vaughn": {
    "pos": "RB",
    "team": "FA",
    "one_qb": 1,
    "superflex": 1
  },
  "Myles Gaskin": {
    "pos": "RB",
    "team": "FA",
    "one_qb": 1,
    "superflex": 1
  },
  "Lew Nichols III": {
    "pos": "RB",
    "team": "PIT",
    "one_qb": 1,
    "superflex": 1
  },
  "Deon Jackson": {
    "pos": "RB",
    "team": "FA",
    "one_qb": 1,
    "superflex": 1
  },
  "Jamal Agnew": {
    "pos": "WR",
    "team": "FA",
    "one_qb": 1,
    "superflex": 1
  },
  "Jashaun Corbin": {
    "pos": "RB",
    "team": "FA",
    "one_qb": 1,
    "superflex": 1
  },
  "Eno Benjamin": {
    "pos": "RB",
    "team": "FA",
    "one_qb": 0,
    "superflex": 0
  },
  "Tony Jones Jr.": {
    "pos": "RB",
    "team": "FA",
    "one_qb": 0,
    "superflex": 0
  },
  "Miyan Williams": {
    "pos": "RB",
    "team": "FA",
    "one_qb": 0,
    "superflex": 0
  },
  "Snoop Conner": {
    "pos": "RB",
    "team": "FA",
    "one_qb": 0,
    "superflex": 0
  },
  "Melvin Gordon III": {
    "pos": "RB",
    "team": "FA",
    "one_qb": 0,
    "superflex": 0
  },
  "Ronald Jones II": {
    "pos": "RB",
    "team": "FA",
    "one_qb": 0,
    "superflex": 0
  },
  "Samori Toure": {
    "pos": "WR",
    "team": "NO",
    "one_qb": 0,
    "superflex": 0
  },
  "Dontrell Hilliard": {
    "pos": "RB",
    "team": "FA",
    "one_qb": 0,
    "superflex": 0
  },
  "Marlon Mack": {
    "pos": "RB",
    "team": "FA",
    "one_qb": 0,
    "superflex": 0
  },
  "Mohamed Ibrahim": {
    "pos": "RB",
    "team": "FA",
    "one_qb": 0,
    "superflex": 0
  },
  "Brandon Bolden": {
    "pos": "RB",
    "team": "FA",
    "one_qb": 0,
    "superflex": 0
  },
  "La'Mical Perine": {
    "pos": "RB",
    "team": "FA",
    "one_qb": 0,
    "superflex": 0
  },
  "Kenyan Drake": {
    "pos": "RB",
    "team": "FA",
    "one_qb": 0,
    "superflex": 0
  },
  "Simi Fehoko": {
    "pos": "WR",
    "team": "ARI",
    "one_qb": 0,
    "superflex": 0
  },
  "Jake Funk": {
    "pos": "RB",
    "team": "FA",
    "one_qb": 0,
    "superflex": 0
  },
  "Anthony McFarland Jr.": {
    "pos": "RB",
    "team": "FA",
    "one_qb": 0,
    "superflex": 0
  },
  "J.D. McKissic": {
    "pos": "RB",
    "team": "FA",
    "one_qb": 0,
    "superflex": 0
  },
  "Derrick Gore": {
    "pos": "RB",
    "team": "FA",
    "one_qb": 0,
    "superflex": 0
  },
  "Darrel Williams": {
    "pos": "RB",
    "team": "FA",
    "one_qb": 0,
    "superflex": 0
  },
  "Ty Montgomery II": {
    "pos": "RB",
    "team": "FA",
    "one_qb": 0,
    "superflex": 0
  },
  "Trestan Ebner": {
    "pos": "RB",
    "team": "FA",
    "one_qb": 0,
    "superflex": 0
  },
  "Qadree Ollison": {
    "pos": "RB",
    "team": "FA",
    "one_qb": 0,
    "superflex": 0
  },
  "Larry Rountree III": {
    "pos": "RB",
    "team": "FA",
    "one_qb": 0,
    "superflex": 0
  }
}